trade_id,instrument,price,quantity,buy_order_id,sell_order_id,timestamp
TRD-799141D5A431,ETH/USD,842.08,92,ORD-BUY-CFE02CA2,ORD-SELL-F026A7BB,2026-10-01T09:30:00Z
TRD-46C2371D48A7,ETH/USD,2928.9,318,ORD-BUY-11A26320,ORD-SELL-70C16E2F,2026-10-01T09:30:00Z
TRD-79478F70C0A3,ETH/USD,1078.52,360,ORD-BUY-94DEF43B,ORD-SELL-4DD8A925,2026-10-01T09:30:00Z
TRD-129AFA04A9FA,BTC/USD,920.43,96,ORD-BUY-D0AD539E,ORD-SELL-780A31B6,2026-10-01T09:30:01Z
TRD-A4B3B3FBF39A,AMZN,1310.98,134,ORD-BUY-582A1E61,ORD-SELL-CD08EB2B,2026-10-01T09:30:01Z
TRD-A3CE9782D8B3,AAPL,1153.41,124,ORD-BUY-56CCC7B9,ORD-SELL-4D1BC495,2026-10-01T09:30:01Z
TRD-C2DEBAD6B2B9,NVDA,663.21,401,ORD-BUY-DE3A778D,ORD-SELL-F8EF4F5B,2026-10-01T09:30:01Z
TRD-568B2FFA12C9,TSLA,3461.32,149,ORD-BUY-118D7DF0,ORD-SELL-49152454,2026-10-01T09:30:02Z
TRD-CD254F7A7FC4,AMZN,1070.85,3,ORD-BUY-87A58DFF,ORD-SELL-41DFA140,2026-10-01T09:30:02Z
TRD-5A45AF159248,BTC/USD,1856.71,211,ORD-BUY-39912A90,ORD-SELL-7B2134CA,2026-10-01T09:30:03Z
TRD-D6472F47AE0F,ETH/USD,492.5,417,ORD-BUY-0FA3A6E6,ORD-SELL-42030339,2026-10-01T09:30:03Z
TRD-A014C0A66C05,NVDA,2359.35,178,ORD-BUY-AF596C56,ORD-SELL-4814966A,2026-10-01T09:30:03Z
TRD-6D61AD2B2A49,TSLA,3026.95,368,ORD-BUY-4E8429A2,ORD-SELL-E1C970FA,2026-10-01T09:30:04Z
TRD-4A9D946C74B6,AMZN,131.62,21,ORD-BUY-ADB69DBF,ORD-SELL-266373CA,2026-10-01T09:30:04Z
TRD-A855D2C6EB64,AAPL,478.94,182,ORD-BUY-6463DD1A,ORD-SELL-FE8C249B,2026-10-01T09:30:04Z
TRD-39FC2FD2D0CE,AAPL,821.26,397,ORD-BUY-46C4016B,ORD-SELL-617BEC05,2026-10-01T09:30:05Z
TRD-91DF3F5A1D82,ETH/USD,3138.66,87,ORD-BUY-F259DF76,ORD-SELL-3CC806A6,2026-10-01T09:30:05Z
TRD-5B248A29A510,GOOGL,1934.09,357,ORD-BUY-45C6628C,ORD-SELL-8D8C941C,2026-10-01T09:30:05Z
TRD-CD731C3E79FF,TSLA,635.39,124,ORD-BUY-CEE1AADB,ORD-SELL-78FFD21E,2026-10-01T09:30:05Z
TRD-51C89437E340,ETH/USD,2457.36,75,ORD-BUY-530CF19F,ORD-SELL-FE209C82,2026-10-01T09:30:06Z
TRD-A631C61C6ECE,NVDA,1383.85,8,ORD-BUY-BBEC3CF3,ORD-SELL-9703B39D,2026-10-01T09:30:06Z
TRD-F87BDDB8E58F,AMZN,123.87,68,ORD-BUY-8BE8BEE2,ORD-SELL-E3F09E3D,2026-10-01T09:30:06Z
TRD-7F838F304AA4,NVDA,264.82,324,ORD-BUY-68BEA9D0,ORD-SELL-627965FD,2026-10-01T09:30:06Z
TRD-D39CA7F5B0CC,BTC/USD,550.39,288,ORD-BUY-D286448F,ORD-SELL-09E177F5,2026-10-01T09:30:07Z
TRD-1BF1051770F7,GOOGL,497.0,396,ORD-BUY-D67347B5,ORD-SELL-3FDA861B,2026-10-01T09:30:07Z
TRD-C3D468C437F2,AAPL,1090.59,273,ORD-BUY-ACA43B62,ORD-SELL-4E24514D,2026-10-01T09:30:07Z
TRD-74EF1065D01B,BTC/USD,3306.99,55,ORD-BUY-E6CAFCFF,ORD-SELL-E00A0DD8,2026-10-01T09:30:07Z
TRD-89B6BFDE32D7,ETH/USD,1078.88,223,ORD-BUY-4C8CE69B,ORD-SELL-8EEBCD0E,2026-10-01T09:30:08Z
TRD-E95AB5D5A3A7,AMZN,2611.43,188,ORD-BUY-444EFE85,ORD-SELL-0579E3B1,2026-10-01T09:30:08Z
TRD-B72BBA587C51,ETH/USD,2246.96,290,ORD-BUY-E77E50EC,ORD-SELL-42744E58,2026-10-01T09:30:09Z
TRD-1EF96C0F880C,NVDA,420.11,120,ORD-BUY-09AA6CFB,ORD-SELL-6F1B62E5,2026-10-01T09:30:09Z
TRD-EC1721ED6F60,MSFT,2727.37,408,ORD-BUY-1431B374,ORD-SELL-D025C01D,2026-10-01T09:30:09Z
TRD-1ACF1337B676,TSLA,454.8,99,ORD-BUY-252EE2C5,ORD-SELL-6684A259,2026-10-01T09:30:09Z
TRD-63820FA0C202,AAPL,2692.55,424,ORD-BUY-12E042C5,ORD-SELL-01D41C69,2026-10-01T09:30:10Z
TRD-EE081B010F85,GOOGL,662.59,46,ORD-BUY-0284A551,ORD-SELL-4DF8F03B,2026-10-01T09:30:10Z
TRD-B81FCBEDEB2D,TSLA,1607.8,249,ORD-BUY-6147FAA2,ORD-SELL-0FC3B836,2026-10-01T09:30:10Z
TRD-1043AD7D8D5C,AMZN,2206.56,190,ORD-BUY-7FDF997A,ORD-SELL-03BB48E1,2026-10-01T09:30:10Z
TRD-E5AF3B9A9775,BTC/USD,3001.24,314,ORD-BUY-3AC74140,ORD-SELL-52CBAC71,2026-10-01T09:30:11Z
TRD-04788BC166D4,BTC/USD,1467.28,86,ORD-BUY-078D6A55,ORD-SELL-73C9648F,2026-10-01T09:30:11Z
TRD-EBFC4773FB3E,MSFT,460.45,467,ORD-BUY-CC5B2197,ORD-SELL-81849358,2026-10-01T09:30:12Z
TRD-3B95D4DD930D,GOOGL,1880.4,396,ORD-BUY-97FE54B3,ORD-SELL-2FD02389,2026-10-01T09:30:12Z
TRD-FA1803D42739,GOOGL,3430.82,452,ORD-BUY-8EB64294,ORD-SELL-9273E86F,2026-10-01T09:30:12Z
TRD-EB5C2C6B0DF0,GOOGL,693.39,161,ORD-BUY-6E185F6A,ORD-SELL-90138017,2026-10-01T09:30:12Z
TRD-4A4A57496569,TSLA,3296.16,47,ORD-BUY-DFB1F506,ORD-SELL-A5098D4A,2026-10-01T09:30:13Z
TRD-44AEF7FB3023,AMZN,2154.64,454,ORD-BUY-FA1ACDED,ORD-SELL-C1FA8328,2026-10-01T09:30:13Z
TRD-9A2008133463,AMZN,65.18,466,ORD-BUY-6997E169,ORD-SELL-BE303CFF,2026-10-01T09:30:14Z
TRD-CA2E38811C99,AMZN,613.11,43,ORD-BUY-F14E267B,ORD-SELL-348FA81D,2026-10-01T09:30:14Z
TRD-E56F12C6434E,GOOGL,353.57,472,ORD-BUY-F035A4E2,ORD-SELL-8B2A86F4,2026-10-01T09:30:15Z
TRD-97D08FB21B76,MSFT,416.08,397,ORD-BUY-2425D7E1,ORD-SELL-24596F12,2026-10-01T09:30:16Z
TRD-B091A8538D98,AMZN,2214.75,315,ORD-BUY-748B1E8D,ORD-SELL-BCAFF1D0,2026-10-01T09:30:16Z
TRD-27A7AAA7A750,ETH/USD,1660.97,225,ORD-BUY-D67709DE,ORD-SELL-BE5641C1,2026-10-01T09:30:16Z
TRD-1D9B64DE2B11,BTC/USD,1099.39,40,ORD-BUY-2460B8CC,ORD-SELL-3B6231CA,2026-10-01T09:30:16Z
TRD-D4ADCA9696FE,AMZN,623.94,331,ORD-BUY-5EC5789E,ORD-SELL-90CE42C3,2026-10-01T09:30:17Z
TRD-0FC8198C1479,GOOGL,1003.63,331,ORD-BUY-8A22134B,ORD-SELL-DF9FB18B,2026-10-01T09:30:17Z
TRD-0AA4E03A2855,ETH/USD,3173.07,37,ORD-BUY-36FC3C72,ORD-SELL-6D7B4C59,2026-10-01T09:30:17Z
TRD-AECC5E03938C,NVDA,3332.67,329,ORD-BUY-E9958907,ORD-SELL-01FB12D3,2026-10-01T09:30:18Z
TRD-BB1E9E79EF8E,ETH/USD,220.63,311,ORD-BUY-25D9D25D,ORD-SELL-63C3FD2C,2026-10-01T09:30:18Z
TRD-9816B1108CB3,GOOGL,1816.18,385,ORD-BUY-8D254428,ORD-SELL-6E33AF17,2026-10-01T09:30:18Z
TRD-7809233D0271,ETH/USD,2000.47,480,ORD-BUY-9632C391,ORD-SELL-70D4D2AD,2026-10-01T09:30:18Z
TRD-C674BD9A5958,BTC/USD,2719.94,367,ORD-BUY-011AC3FC,ORD-SELL-FBEC1C86,2026-10-01T09:30:19Z
TRD-4983F3BB9126,NVDA,2755.17,421,ORD-BUY-1ABEF80D,ORD-SELL-00C4B1CA,2026-10-01T09:30:19Z
TRD-14D95C4CB957,BTC/USD,2417.03,121,ORD-BUY-A66AE457,ORD-SELL-DE898CC5,2026-10-01T09:30:19Z
TRD-7685AD3010EB,NVDA,3486.33,393,ORD-BUY-0D4A302F,ORD-SELL-CD3A5B5B,2026-10-01T09:30:19Z
TRD-A010139CD4D1,AAPL,1397.88,189,ORD-BUY-5B0D4052,ORD-SELL-C6F41A3E,2026-10-01T09:30:20Z
TRD-ADE97F5C021E,MSFT,1318.57,426,ORD-BUY-69A2EF3F,ORD-SELL-9E4E057C,2026-10-01T09:30:20Z
TRD-01FE4316AFBD,AAPL,994.6,419,ORD-BUY-2369887A,ORD-SELL-F57EA23F,2026-10-01T09:30:20Z
TRD-366896D2A52C,MSFT,2473.34,245,ORD-BUY-3C2ED225,ORD-SELL-EF4E84A5,2026-10-01T09:30:20Z
TRD-F897AECD65A2,AAPL,749.91,11,ORD-BUY-06C6E7F6,ORD-SELL-F3559DC1,2026-10-01T09:30:21Z
TRD-54099741A3B8,AAPL,1923.45,231,ORD-BUY-E946EC9A,ORD-SELL-AFD42FEC,2026-10-01T09:30:21Z
TRD-7EEA5EDF731D,NVDA,1128.04,9,ORD-BUY-08A764A7,ORD-SELL-C345EAFA,2026-10-01T09:30:21Z
TRD-A0FF0578E9E1,MSFT,145.96,61,ORD-BUY-5C490D36,ORD-SELL-0DAB9D54,2026-10-01T09:30:21Z
TRD-C083B53897E6,AAPL,3454.79,139,ORD-BUY-536FB200,ORD-SELL-8F081FBD,2026-10-01T09:30:22Z
TRD-C213D3641A46,AMZN,447.24,486,ORD-BUY-83A435A9,ORD-SELL-FE60876E,2026-10-01T09:30:22Z
TRD-1FBC9A89327B,MSFT,2733.45,78,ORD-BUY-A8F3B9A8,ORD-SELL-00F99A21,2026-10-01T09:30:22Z
TRD-2824300E9A80,TSLA,2624.02,462,ORD-BUY-E03D2A5E,ORD-SELL-32AD596F,2026-10-01T09:30:23Z
TRD-2330C4CF0EFF,TSLA,65.4,9,ORD-BUY-FC2F579B,ORD-SELL-F6B2197E,2026-10-01T09:30:23Z
TRD-15CB3C3DC586,AAPL,1384.77,75,ORD-BUY-89440C4E,ORD-SELL-EAD32B51,2026-10-01T09:30:24Z
TRD-5FE2BB4C0D46,AMZN,1566.92,364,ORD-BUY-55F9B0A5,ORD-SELL-96A3739C,2026-10-01T09:30:24Z
TRD-945922F93F5D,BTC/USD,3349.84,478,ORD-BUY-03249E39,ORD-SELL-CB148F86,2026-10-01T09:30:25Z
TRD-23F88017320D,MSFT,2905.36,279,ORD-BUY-94DDD0C5,ORD-SELL-9FCF866D,2026-10-01T09:30:25Z
TRD-6AF96115F3F9,NVDA,2656.47,256,ORD-BUY-20ADE4FC,ORD-SELL-83A83B36,2026-10-01T09:30:25Z
TRD-5A68619EDD04,AMZN,1664.65,192,ORD-BUY-32097FE1,ORD-SELL-A8ABA814,2026-10-01T09:30:25Z
TRD-5091744A77B1,BTC/USD,1481.44,379,ORD-BUY-2C887A38,ORD-SELL-9441567D,2026-10-01T09:30:26Z
TRD-ABFF902C0B31,AAPL,2233.83,191,ORD-BUY-1D15B980,ORD-SELL-ED94524F,2026-10-01T09:30:26Z
TRD-AEFA054F9881,AAPL,3109.22,208,ORD-BUY-A7E7B098,ORD-SELL-829576EE,2026-10-01T09:30:26Z
TRD-5A723DD6DAD9,AAPL,2922.12,285,ORD-BUY-97D1F66E,ORD-SELL-C8D142AA,2026-10-01T09:30:27Z
TRD-28974D0A88DF,MSFT,176.95,351,ORD-BUY-78C255E6,ORD-SELL-B6767094,2026-10-01T09:30:27Z
TRD-361DB283A3B0,NVDA,2952.78,146,ORD-BUY-82BAAB48,ORD-SELL-F2898AE7,2026-10-01T09:30:27Z
TRD-EBF49CA03144,ETH/USD,727.01,326,ORD-BUY-612B06E6,ORD-SELL-F727396E,2026-10-01T09:30:27Z
TRD-A3577A952BD5,AMZN,1203.27,252,ORD-BUY-C147420D,ORD-SELL-FC068D15,2026-10-01T09:30:28Z
TRD-44B607294446,GOOGL,3128.35,45,ORD-BUY-171C8A14,ORD-SELL-C96FF4A8,2026-10-01T09:30:28Z
TRD-62246E3CFBDE,NVDA,2221.93,359,ORD-BUY-0C283823,ORD-SELL-C3E6AAB7,2026-10-01T09:30:28Z
TRD-DD211042163F,TSLA,1264.65,207,ORD-BUY-91CF7481,ORD-SELL-F4BFABD2,2026-10-01T09:30:29Z
TRD-DAFE4FF99DE5,GOOGL,180.58,386,ORD-BUY-E3CA6F02,ORD-SELL-71359A95,2026-10-01T09:30:29Z
TRD-EDCD6640F9F2,MSFT,1872.41,364,ORD-BUY-AADA7CF1,ORD-SELL-E0C9368A,2026-10-01T09:30:30Z
TRD-2C65E25A7113,GOOGL,1431.16,246,ORD-BUY-C519AF8D,ORD-SELL-4D5A0E85,2026-10-01T09:30:30Z
TRD-CB09E9ABF007,GOOGL,2432.8,307,ORD-BUY-0856D1C2,ORD-SELL-D049CBE2,2026-10-01T09:30:30Z
TRD-89A522E7BAE4,GOOGL,1959.03,198,ORD-BUY-B4BC4E1E,ORD-SELL-9A6193A7,2026-10-01T09:30:31Z
TRD-75E9FFC85E35,BTC/USD,2100.9,191,ORD-BUY-F19915C9,ORD-SELL-82CBDD81,2026-10-01T09:30:31Z
TRD-40FC91CBA85D,AMZN,694.8,374,ORD-BUY-ACC1A28D,ORD-SELL-91A1B354,2026-10-01T09:30:31Z
TRD-B822204289AD,ETH/USD,1395.45,419,ORD-BUY-8A24A131,ORD-SELL-58DF0323,2026-10-01T09:30:31Z
TRD-5CC8BFF4A116,MSFT,2085.91,151,ORD-BUY-0D33ED56,ORD-SELL-7668B414,2026-10-01T09:30:32Z
TRD-CBC116DA657C,ETH/USD,935.77,10,ORD-BUY-AF5CECDA,ORD-SELL-0D19625A,2026-10-01T09:30:32Z
TRD-B8175E8FA95C,AAPL,782.69,143,ORD-BUY-6A83D717,ORD-SELL-E87A554A,2026-10-01T09:30:32Z
TRD-F555422A6ED5,NVDA,1018.09,460,ORD-BUY-CD60A54D,ORD-SELL-8929BB0D,2026-10-01T09:30:32Z
TRD-8A8B31F4BDBA,AMZN,1929.79,54,ORD-BUY-BD9FEE25,ORD-SELL-DCE5C0B3,2026-10-01T09:30:33Z
TRD-59D1913ADAB3,TSLA,684.22,420,ORD-BUY-2019336A,ORD-SELL-245F8BF5,2026-10-01T09:30:33Z
TRD-D5D4EC6B848F,TSLA,2578.6,11,ORD-BUY-282D9223,ORD-SELL-050ADF5D,2026-10-01T09:30:33Z
TRD-5F0EFC2BD4C6,AMZN,2673.96,120,ORD-BUY-0C8F2DB0,ORD-SELL-1E55BA80,2026-10-01T09:30:33Z
TRD-831524D0F186,BTC/USD,1439.97,437,ORD-BUY-2F3FB5DA,ORD-SELL-B8112220,2026-10-01T09:30:34Z
TRD-19266F8B53E4,ETH/USD,84.31,200,ORD-BUY-A6D855A6,ORD-SELL-F39DDA5C,2026-10-01T09:30:34Z
TRD-66F5D204AA2A,AAPL,1972.14,163,ORD-BUY-D6CDAAA6,ORD-SELL-1C3A1B86,2026-10-01T09:30:34Z
TRD-0CF51BE33295,AAPL,3088.53,113,ORD-BUY-34D1DDC3,ORD-SELL-9A9790FB,2026-10-01T09:30:34Z
TRD-9B4D27553D78,BTC/USD,642.4,371,ORD-BUY-23397CC0,ORD-SELL-F4D96E5A,2026-10-01T09:30:36Z
TRD-1F4370ED961B,NVDA,92.1,369,ORD-BUY-FED30639,ORD-SELL-1F1A7BE0,2026-10-01T09:30:36Z
TRD-68FB0661EED2,ETH/USD,3388.21,344,ORD-BUY-15CD8D4C,ORD-SELL-BDD2BD8B,2026-10-01T09:30:36Z
TRD-707960385EC7,GOOGL,1516.89,336,ORD-BUY-E8A01D86,ORD-SELL-35B1D053,2026-10-01T09:30:37Z
TRD-BC4E8609C5A0,TSLA,564.61,500,ORD-BUY-48AA3EFD,ORD-SELL-3F94B5AE,2026-10-01T09:30:37Z
TRD-181E6AE1F9A9,MSFT,1131.4,72,ORD-BUY-C1F77879,ORD-SELL-1696733F,2026-10-01T09:30:38Z
TRD-FAC6FB09624D,NVDA,926.82,48,ORD-BUY-AB4B9C02,ORD-SELL-3534DC56,2026-10-01T09:30:38Z
TRD-2AF48A30AFD8,MSFT,1833.36,133,ORD-BUY-DD104CCC,ORD-SELL-944CCA0E,2026-10-01T09:30:38Z
TRD-27F9E324525B,NVDA,437.94,382,ORD-BUY-0FD617F7,ORD-SELL-D1517AA9,2026-10-01T09:30:38Z
TRD-DD9B1611B92A,AAPL,805.49,71,ORD-BUY-74A32CB0,ORD-SELL-B4A69BAD,2026-10-01T09:30:39Z
TRD-DD608AA240B6,GOOGL,2172.36,5,ORD-BUY-3B737EAB,ORD-SELL-128A8CBB,2026-10-01T09:30:39Z
TRD-C897C937FD92,NVDA,2933.65,246,ORD-BUY-A48EB7C5,ORD-SELL-D4119E6A,2026-10-01T09:30:39Z
TRD-E82768AC5FE7,NVDA,756.28,128,ORD-BUY-3162694E,ORD-SELL-962BF4B7,2026-10-01T09:30:39Z
TRD-D363834F04B1,TSLA,662.52,14,ORD-BUY-0B6068A2,ORD-SELL-D4A63BA9,2026-10-01T09:30:40Z
TRD-72789D0A5544,MSFT,567.9,55,ORD-BUY-E87ED54E,ORD-SELL-09A63DB7,2026-10-01T09:30:41Z
TRD-688267BFD00C,TSLA,1149.99,492,ORD-BUY-B2F93342,ORD-SELL-43FC454C,2026-10-01T09:30:41Z
TRD-C50E6DEFF3BE,NVDA,2557.7,401,ORD-BUY-3EE4697B,ORD-SELL-BBCD1A81,2026-10-01T09:30:41Z
TRD-833EACF2B233,NVDA,1631.58,103,ORD-BUY-7FCD31FE,ORD-SELL-421B7520,2026-10-01T09:30:41Z
TRD-7AFBE38F87E4,MSFT,3218.41,255,ORD-BUY-4E13031B,ORD-SELL-C2A7F8A9,2026-10-01T09:30:42Z
TRD-7441A574D9BC,MSFT,2971.59,479,ORD-BUY-F724E149,ORD-SELL-CC59B821,2026-10-01T09:30:42Z
TRD-4AEB1172FD52,TSLA,1345.6,167,ORD-BUY-3CD09AB6,ORD-SELL-04B021C4,2026-10-01T09:30:43Z
TRD-22E753E13F8D,AAPL,2431.72,398,ORD-BUY-EFC40154,ORD-SELL-4181BCED,2026-10-01T09:30:43Z
TRD-1A24A7D839B8,MSFT,623.15,500,ORD-BUY-C86C36CC,ORD-SELL-CDB33A4B,2026-10-01T09:30:43Z
TRD-9AEC95844F44,BTC/USD,2039.4,81,ORD-BUY-F77A8077,ORD-SELL-47B4A77C,2026-10-01T09:30:43Z
TRD-0B630EBE5E39,MSFT,1530.73,217,ORD-BUY-EF89F13D,ORD-SELL-C9852935,2026-10-01T09:30:44Z
TRD-ABFD989CD836,TSLA,2453.13,86,ORD-BUY-4E6E4755,ORD-SELL-1D869D5E,2026-10-01T09:30:44Z
TRD-5A716B51D6CD,AAPL,1957.27,107,ORD-BUY-921B7F58,ORD-SELL-059F8D39,2026-10-01T09:30:44Z
TRD-87B3F6EC7744,ETH/USD,992.81,289,ORD-BUY-611578D6,ORD-SELL-B2F7BDF3,2026-10-01T09:30:45Z
TRD-5D0ED418D36C,NVDA,283.22,157,ORD-BUY-800FFE05,ORD-SELL-8611A3DA,2026-10-01T09:30:45Z
TRD-72CA79D3E083,TSLA,2687.98,469,ORD-BUY-7DF79161,ORD-SELL-0A0D9644,2026-10-01T09:30:45Z
TRD-3D41A051C961,NVDA,714.4,15,ORD-BUY-93637158,ORD-SELL-50D3099E,2026-10-01T09:30:45Z
TRD-8ADE2F64D519,GOOGL,1218.45,321,ORD-BUY-228BAEA2,ORD-SELL-1CA3B8C2,2026-10-01T09:30:46Z
TRD-91B58169EEC4,BTC/USD,224.36,229,ORD-BUY-655727FB,ORD-SELL-028353F9,2026-10-01T09:30:46Z
TRD-B1E7FC4998B9,TSLA,1263.86,20,ORD-BUY-A8F434A1,ORD-SELL-5D73066E,2026-10-01T09:30:46Z
TRD-FBDA19173C08,AMZN,2977.4,441,ORD-BUY-149A018B,ORD-SELL-3C80AA62,2026-10-01T09:30:47Z
TRD-832723CC1266,BTC/USD,2577.28,391,ORD-BUY-A95B8D38,ORD-SELL-DEC2AA84,2026-10-01T09:30:47Z
TRD-44FAA2C80445,AAPL,1690.27,25,ORD-BUY-6A4B17CE,ORD-SELL-6E93CC59,2026-10-01T09:30:47Z
TRD-E7524BB162A2,AMZN,649.13,63,ORD-BUY-CBE0AE66,ORD-SELL-BA4E8541,2026-10-01T09:30:47Z
TRD-420F99A0C6B4,GOOGL,2861.27,120,ORD-BUY-BC47D43B,ORD-SELL-609B8713,2026-10-01T09:30:48Z
TRD-00C7B01C8182,BTC/USD,396.92,431,ORD-BUY-D3BF2795,ORD-SELL-54010ECB,2026-10-01T09:30:48Z
TRD-39C9B58606F5,AMZN,1848.21,341,ORD-BUY-A72715BE,ORD-SELL-FB782F00,2026-10-01T09:30:49Z
TRD-6363CA7C91FD,AMZN,1879.21,24,ORD-BUY-BCBC11F1,ORD-SELL-33945BFB,2026-10-01T09:30:49Z
TRD-88550884B567,BTC/USD,560.05,190,ORD-BUY-C496C692,ORD-SELL-E0023EB6,2026-10-01T09:30:49Z
TRD-6C936B44D592,MSFT,3382.8,468,ORD-BUY-97E7D5B8,ORD-SELL-98E93691,2026-10-01T09:30:49Z
TRD-0147150BFAE8,NVDA,860.67,80,ORD-BUY-ED8E8310,ORD-SELL-39061C82,2026-10-01T09:30:50Z
TRD-1F000AE1552A,AMZN,2150.06,282,ORD-BUY-B9AEB56A,ORD-SELL-C86C6116,2026-10-01T09:30:50Z
TRD-AE9A25F10D77,BTC/USD,1248.85,330,ORD-BUY-C2D02A0C,ORD-SELL-D65FE074,2026-10-01T09:30:50Z
TRD-5B55B91E1A00,AAPL,440.65,197,ORD-BUY-52FA42AC,ORD-SELL-08880305,2026-10-01T09:30:50Z
TRD-EB083F283FEC,ETH/USD,3041.98,12,ORD-BUY-B41A7A08,ORD-SELL-9E1D04BA,2026-10-01T09:30:51Z
TRD-F478A7A8ABA4,GOOGL,1293.78,56,ORD-BUY-15ABFF10,ORD-SELL-86A16809,2026-10-01T09:30:51Z
TRD-863CE4FE3F30,MSFT,2649.17,368,ORD-BUY-653C8D3E,ORD-SELL-4B39662D,2026-10-01T09:30:52Z
TRD-F0B82EE69FC0,ETH/USD,2953.25,212,ORD-BUY-DC1F14BB,ORD-SELL-3F6F729A,2026-10-01T09:30:52Z
TRD-DF81B3B697ED,AMZN,1089.74,429,ORD-BUY-6A56B463,ORD-SELL-8F00F5F3,2026-10-01T09:30:52Z
TRD-6358ACEC7457,ETH/USD,2154.76,494,ORD-BUY-D446B163,ORD-SELL-CD9BB907,2026-10-01T09:30:53Z
TRD-D03498A44451,GOOGL,1966.54,219,ORD-BUY-AFD788A6,ORD-SELL-7F3F6539,2026-10-01T09:30:53Z
TRD-6B7BC14BABFA,TSLA,2881.78,46,ORD-BUY-0C3518C2,ORD-SELL-14AB974F,2026-10-01T09:30:53Z
TRD-F1657C075D27,AMZN,2577.01,77,ORD-BUY-B4E68CCC,ORD-SELL-A11C8E38,2026-10-01T09:30:53Z
TRD-A5403F7B8172,TSLA,2972.89,157,ORD-BUY-A3FC302E,ORD-SELL-668B5EAA,2026-10-01T09:30:54Z
TRD-BD032D50D1CE,MSFT,3343.91,116,ORD-BUY-498BF6DA,ORD-SELL-46504B94,2026-10-01T09:30:54Z
TRD-003A05A71E41,AMZN,2958.96,484,ORD-BUY-AC800EC6,ORD-SELL-C7C873E1,2026-10-01T09:30:54Z
TRD-094125AF257D,MSFT,1926.03,259,ORD-BUY-1B75323A,ORD-SELL-80ABD9A0,2026-10-01T09:30:55Z
TRD-8BF64250E44B,TSLA,863.63,330,ORD-BUY-B3786A66,ORD-SELL-9AD31FCF,2026-10-01T09:30:55Z
TRD-F629670CCB66,ETH/USD,1819.42,305,ORD-BUY-66C4BB2A,ORD-SELL-32ABDFA9,2026-10-01T09:30:55Z
TRD-FEC343A8C1BA,MSFT,144.9,111,ORD-BUY-80EDF515,ORD-SELL-0B2980E4,2026-10-01T09:30:56Z
TRD-2A1A92548FF8,MSFT,603.55,377,ORD-BUY-B0F05ADC,ORD-SELL-F20646AC,2026-10-01T09:30:56Z
TRD-201C8DDA0C59,TSLA,2573.71,454,ORD-BUY-76DF2666,ORD-SELL-64E94472,2026-10-01T09:30:56Z
TRD-74D6E5096C07,TSLA,509.57,423,ORD-BUY-7E8E1A6F,ORD-SELL-15C2C8BD,2026-10-01T09:30:57Z
TRD-318EB8FABAD2,MSFT,1745.2,154,ORD-BUY-F2C0735C,ORD-SELL-4B1FD281,2026-10-01T09:30:57Z
TRD-D3438FC432A7,BTC/USD,524.39,405,ORD-BUY-53397EB9,ORD-SELL-7ABC2866,2026-10-01T09:30:57Z
TRD-2CA239BFC002,TSLA,1197.71,45,ORD-BUY-C2F65C7A,ORD-SELL-900E99A0,2026-10-01T09:30:57Z
TRD-D9E866999DD6,GOOGL,2928.22,114,ORD-BUY-B61CF9A0,ORD-SELL-531E7B8F,2026-10-01T09:30:58Z
TRD-9A461DB6B665,BTC/USD,141.49,196,ORD-BUY-D69EAD56,ORD-SELL-81BD18AF,2026-10-01T09:30:58Z
TRD-5D6256702F7F,AAPL,3180.73,95,ORD-BUY-5F703F3C,ORD-SELL-888F78A5,2026-10-01T09:30:58Z
TRD-380742C3F895,GOOGL,2623.38,52,ORD-BUY-DFD98D9B,ORD-SELL-16FEB140,2026-10-01T09:30:59Z
TRD-832A77FDCF80,TSLA,204.31,278,ORD-BUY-3337D111,ORD-SELL-B864B928,2026-10-01T09:30:59Z
TRD-905049BD6FDD,MSFT,3259.1,291,ORD-BUY-7C3B0666,ORD-SELL-ED045822,2026-10-01T09:30:59Z
TRD-E7C0D93B6D5D,BTC/USD,3320.49,235,ORD-BUY-70F67BC8,ORD-SELL-24F3E449,2026-10-01T09:31:00Z
TRD-E514936BC089,TSLA,196.81,142,ORD-BUY-0A3C7E5D,ORD-SELL-7C5CB5C0,2026-10-01T09:31:00Z
TRD-BA9F3D420102,AMZN,2653.06,158,ORD-BUY-60D43B2C,ORD-SELL-9BC24109,2026-10-01T09:31:00Z
TRD-9F814B6DB27C,MSFT,3295.75,316,ORD-BUY-498986FF,ORD-SELL-591B8171,2026-10-01T09:31:01Z
TRD-72F2F467775F,AMZN,934.14,273,ORD-BUY-ABB103F6,ORD-SELL-A074AD5A,2026-10-01T09:31:01Z
TRD-D6EF2B196ADD,NVDA,1910.88,441,ORD-BUY-04F2B828,ORD-SELL-9734FF08,2026-10-01T09:31:01Z
TRD-51210689D130,AAPL,3445.39,242,ORD-BUY-2A3BFBCC,ORD-SELL-C18FC46E,2026-10-01T09:31:02Z
TRD-955B3C816971,NVDA,1226.72,434,ORD-BUY-65BF16A1,ORD-SELL-86215843,2026-10-01T09:31:02Z
TRD-686CDB134D1E,AAPL,1055.69,291,ORD-BUY-7ED258DE,ORD-SELL-5629288D,2026-10-01T09:31:02Z
TRD-FDC20D3FE142,ETH/USD,2553.04,212,ORD-BUY-3DABD14D,ORD-SELL-59BC43B3,2026-10-01T09:31:03Z
TRD-BB99C094B53A,NVDA,2487.93,423,ORD-BUY-DAE71712,ORD-SELL-1A6126A2,2026-10-01T09:31:03Z
TRD-5DAF7A6721F3,TSLA,407.71,164,ORD-BUY-8E2945D6,ORD-SELL-5E103107,2026-10-01T09:31:03Z
TRD-63BAD31C66FA,AAPL,536.4,294,ORD-BUY-E94B1F9D,ORD-SELL-B0B90665,2026-10-01T09:31:03Z
TRD-679639A45221,GOOGL,1765.09,294,ORD-BUY-195EE455,ORD-SELL-E1F3AF22,2026-10-01T09:31:04Z
TRD-E4820264EA20,ETH/USD,1928.37,312,ORD-BUY-E3A8461C,ORD-SELL-13ABCA3B,2026-10-01T09:31:04Z
TRD-CDCE077FD6CF,MSFT,1062.57,159,ORD-BUY-7785DB4B,ORD-SELL-5743BE60,2026-10-01T09:31:04Z
TRD-4E93F31A786F,AAPL,2561.88,31,ORD-BUY-256FAC98,ORD-SELL-F4D2F36C,2026-10-01T09:31:04Z
TRD-D710D1A9684C,NVDA,1314.73,472,ORD-BUY-BA3A614F,ORD-SELL-A802B645,2026-10-01T09:31:05Z
TRD-6D43DB080721,TSLA,284.83,361,ORD-BUY-107F4E67,ORD-SELL-8721CA0F,2026-10-01T09:31:05Z
TRD-999843AE6A81,AMZN,3475.41,220,ORD-BUY-E1B17641,ORD-SELL-5F437C0A,2026-10-01T09:31:05Z
TRD-2E784359701A,GOOGL,2352.49,220,ORD-BUY-BFEC4EFA,ORD-SELL-B6FEDA9E,2026-10-01T09:31:06Z
TRD-43948C21FBD9,MSFT,583.3,68,ORD-BUY-CB53021D,ORD-SELL-C2D25A91,2026-10-01T09:31:06Z
TRD-F943F59A001E,TSLA,3043.0,260,ORD-BUY-6FCC4F44,ORD-SELL-025A01A8,2026-10-01T09:31:06Z
TRD-D227A69506C6,NVDA,980.01,422,ORD-BUY-A341E667,ORD-SELL-39DB0B8A,2026-10-01T09:31:06Z
TRD-710A9C23C916,GOOGL,3266.29,189,ORD-BUY-3E0956F0,ORD-SELL-552595B8,2026-10-01T09:31:07Z
TRD-EC56EE0AA126,ETH/USD,2575.18,156,ORD-BUY-17F3C1A9,ORD-SELL-B800CB10,2026-10-01T09:31:07Z
TRD-FA9E8577E300,AMZN,1213.18,439,ORD-BUY-BD156137,ORD-SELL-6B0544BC,2026-10-01T09:31:07Z
TRD-930BD6E9D817,BTC/USD,3401.43,310,ORD-BUY-4155A06B,ORD-SELL-61F2320C,2026-10-01T09:31:08Z
TRD-E544B75040D8,BTC/USD,1950.06,77,ORD-BUY-184CE9F4,ORD-SELL-9F34530A,2026-10-01T09:31:08Z
TRD-03798D5D0FFA,BTC/USD,2037.62,464,ORD-BUY-5A7ACA86,ORD-SELL-4B432A70,2026-10-01T09:31:08Z
TRD-839EDCCC643A,AAPL,173.62,241,ORD-BUY-7B1A287F,ORD-SELL-9ACD22D4,2026-10-01T09:31:09Z
TRD-E9F705D27F92,TSLA,3355.32,176,ORD-BUY-8861C337,ORD-SELL-FEF33622,2026-10-01T09:31:09Z
TRD-B2DF9E3C9EDB,GOOGL,3229.39,309,ORD-BUY-514563F2,ORD-SELL-81544EE7,2026-10-01T09:31:09Z
TRD-4B676342B942,MSFT,2013.57,234,ORD-BUY-2999011E,ORD-SELL-508D6518,2026-10-01T09:31:10Z
TRD-E152D4BCC5E5,BTC/USD,1642.87,8,ORD-BUY-590F9548,ORD-SELL-6310DEAC,2026-10-01T09:31:10Z
TRD-17D04679224F,GOOGL,3461.35,412,ORD-BUY-1521037E,ORD-SELL-79C674BE,2026-10-01T09:31:10Z
TRD-D25E991D6E99,ETH/USD,1145.84,235,ORD-BUY-A43EEDF6,ORD-SELL-DED44B39,2026-10-01T09:31:10Z
TRD-5EF0511E40BB,TSLA,2926.18,268,ORD-BUY-86E54B6B,ORD-SELL-48CC1BD1,2026-10-01T09:31:11Z
TRD-773C0370DB0F,NVDA,2954.14,41,ORD-BUY-CEEC98E1,ORD-SELL-A702A977,2026-10-01T09:31:11Z
TRD-C4193EAE6AD3,TSLA,3438.0,326,ORD-BUY-82167ACB,ORD-SELL-F15593B7,2026-10-01T09:31:11Z
TRD-765B427FB3E5,ETH/USD,1533.73,391,ORD-BUY-FE3B8DF1,ORD-SELL-63AED996,2026-10-01T09:31:12Z
TRD-5ACA0479A9A3,NVDA,3374.82,243,ORD-BUY-37CBA05A,ORD-SELL-C9586394,2026-10-01T09:31:12Z
TRD-D88A0AD2C950,NVDA,2629.17,178,ORD-BUY-0D5B0A8A,ORD-SELL-E755D83B,2026-10-01T09:31:12Z
TRD-5702AEB16757,AMZN,1687.08,467,ORD-BUY-3D56D179,ORD-SELL-0EDAF70A,2026-10-01T09:31:13Z
TRD-15EC789141E7,BTC/USD,1301.41,265,ORD-BUY-2B1B87B3,ORD-SELL-DBC5A754,2026-10-01T09:31:13Z
TRD-24E153714DF8,AAPL,258.0,329,ORD-BUY-7B34EF34,ORD-SELL-6AB0FA12,2026-10-01T09:31:14Z
TRD-CE064D66E5F7,MSFT,2980.15,21,ORD-BUY-4D88714F,ORD-SELL-2037BEB7,2026-10-01T09:31:14Z
TRD-3F6EC00A5822,BTC/USD,639.74,127,ORD-BUY-983B623F,ORD-SELL-95188F1B,2026-10-01T09:31:14Z
TRD-AB79225E766C,ETH/USD,3192.2,140,ORD-BUY-ADC4FC65,ORD-SELL-E237D138,2026-10-01T09:31:15Z
TRD-D9475FF8907D,ETH/USD,754.37,55,ORD-BUY-57091EBC,ORD-SELL-17C07B65,2026-10-01T09:31:15Z
TRD-6D2648161B39,AAPL,2205.11,487,ORD-BUY-1474AF10,ORD-SELL-2CA1807C,2026-10-01T09:31:16Z
TRD-06589B786D3D,MSFT,1169.79,62,ORD-BUY-19B7FED8,ORD-SELL-F33C07AD,2026-10-01T09:31:16Z
TRD-64C6CAE45914,GOOGL,1082.07,299,ORD-BUY-20ABB3EB,ORD-SELL-E6D5A999,2026-10-01T09:31:16Z
TRD-E366B770ECDE,NVDA,3393.11,112,ORD-BUY-687547AF,ORD-SELL-856DE29B,2026-10-01T09:31:17Z
TRD-CE51E09A6DD0,AAPL,2638.8,354,ORD-BUY-F8BC9AA1,ORD-SELL-B2D84E35,2026-10-01T09:31:17Z
TRD-919DC17D2975,ETH/USD,1164.86,31,ORD-BUY-B26C37FC,ORD-SELL-20972A95,2026-10-01T09:31:17Z
TRD-29191DAE1E81,AMZN,1158.72,457,ORD-BUY-055B772C,ORD-SELL-DB0392B5,2026-10-01T09:31:17Z
TRD-B1F9379C3B67,TSLA,669.27,119,ORD-BUY-6E644861,ORD-SELL-70F8CD61,2026-10-01T09:31:18Z
TRD-EC42A60530CA,GOOGL,1921.69,166,ORD-BUY-BE295D14,ORD-SELL-0B1851E4,2026-10-01T09:31:18Z
TRD-685F604528BB,AAPL,1975.57,333,ORD-BUY-69509F9E,ORD-SELL-A5042C8E,2026-10-01T09:31:18Z
TRD-CEB6B4F474E4,AAPL,1645.45,352,ORD-BUY-911CC7EF,ORD-SELL-F14C6E0B,2026-10-01T09:31:19Z
TRD-08274ED80C94,NVDA,2475.15,404,ORD-BUY-9F080E7F,ORD-SELL-2CC59671,2026-10-01T09:31:19Z
TRD-2B846FE14C4B,TSLA,2989.48,297,ORD-BUY-32898D42,ORD-SELL-8A321D61,2026-10-01T09:31:19Z
TRD-4C2D5B1A1247,AAPL,798.05,213,ORD-BUY-35A9C47D,ORD-SELL-7FD54C57,2026-10-01T09:31:19Z
TRD-B94664F0700C,GOOGL,1433.28,202,ORD-BUY-1D137821,ORD-SELL-280D1563,2026-10-01T09:31:20Z
TRD-C92EC09F248C,AAPL,1708.44,176,ORD-BUY-E1F65886,ORD-SELL-5BF10413,2026-10-01T09:31:20Z
TRD-672677BFA5E5,BTC/USD,2188.05,357,ORD-BUY-67360AFA,ORD-SELL-0BE19EB5,2026-10-01T09:31:20Z
TRD-17B28AE0137F,ETH/USD,2213.66,2,ORD-BUY-A67A3A66,ORD-SELL-74CF8A7D,2026-10-01T09:31:20Z
TRD-4EE5EDAA4BF6,NVDA,2673.63,48,ORD-BUY-BF683188,ORD-SELL-A100F47B,2026-10-01T09:31:21Z
TRD-C76F533FB17A,NVDA,559.98,408,ORD-BUY-9D9C8C78,ORD-SELL-5047396F,2026-10-01T09:31:21Z
TRD-31516FD3D37B,ETH/USD,1163.4,344,ORD-BUY-97E9A081,ORD-SELL-1D8F4593,2026-10-01T09:31:21Z
TRD-A8E8FDF2386F,ETH/USD,2666.35,385,ORD-BUY-F67608B5,ORD-SELL-0062CC21,2026-10-01T09:31:22Z
TRD-6A63AD75D7A1,AMZN,1504.66,195,ORD-BUY-E48DE8CB,ORD-SELL-01E0D5B9,2026-10-01T09:31:22Z
TRD-BC2EBEE25A6F,AAPL,1786.24,365,ORD-BUY-7C2B90BC,ORD-SELL-083019B0,2026-10-01T09:31:22Z
TRD-6D803A7DE8D9,BTC/USD,654.29,131,ORD-BUY-82A7EDAB,ORD-SELL-68A950C8,2026-10-01T09:31:22Z
TRD-0522B68C1EB1,AAPL,284.37,429,ORD-BUY-D09D37AA,ORD-SELL-B31B19A7,2026-10-01T09:31:23Z
TRD-F18E10D46EF6,BTC/USD,2475.55,301,ORD-BUY-F9F63A04,ORD-SELL-028F873D,2026-10-01T09:31:23Z
TRD-E82CF2994BFB,ETH/USD,2887.01,287,ORD-BUY-84C7D4E2,ORD-SELL-6C5E1E7E,2026-10-01T09:31:24Z
TRD-0F8EFD800D6A,GOOGL,1180.35,131,ORD-BUY-E3D75FB9,ORD-SELL-5A281E6F,2026-10-01T09:31:24Z
TRD-67AE59840974,AAPL,1511.96,491,ORD-BUY-C87E71E5,ORD-SELL-DDE997E5,2026-10-01T09:31:24Z
TRD-CB92003BD404,AMZN,983.95,60,ORD-BUY-B1347513,ORD-SELL-69AA31EB,2026-10-01T09:31:24Z
TRD-FFC0948098C4,TSLA,3112.83,106,ORD-BUY-A91850EB,ORD-SELL-5E492DD6,2026-10-01T09:31:25Z
TRD-2128EF24E684,TSLA,649.61,43,ORD-BUY-5BB7CD44,ORD-SELL-F455D2A3,2026-10-01T09:31:25Z
TRD-5B8EA6CADB9B,MSFT,911.25,97,ORD-BUY-DAE5164A,ORD-SELL-A6912997,2026-10-01T09:31:25Z
TRD-E66F9C8759D5,BTC/USD,2207.69,479,ORD-BUY-C6A28E90,ORD-SELL-1266A3C3,2026-10-01T09:31:26Z
TRD-69DF84A44372,MSFT,1512.66,372,ORD-BUY-969BCDD2,ORD-SELL-34FDF367,2026-10-01T09:31:26Z
TRD-C94727638EC1,AAPL,1584.76,488,ORD-BUY-EB6BECAC,ORD-SELL-5E7ECCB1,2026-10-01T09:31:26Z
TRD-F8BA2D628B86,AAPL,3285.33,236,ORD-BUY-BE964814,ORD-SELL-2D0AF26D,2026-10-01T09:31:26Z
TRD-A2E96304BC20,AMZN,1939.16,279,ORD-BUY-BFE881BE,ORD-SELL-B37740A8,2026-10-01T09:31:27Z
TRD-B2E747006D54,NVDA,1158.55,103,ORD-BUY-570133CD,ORD-SELL-AE468131,2026-10-01T09:31:27Z
TRD-F31D270CDA43,TSLA,581.68,13,ORD-BUY-DC849327,ORD-SELL-F39CD3BD,2026-10-01T09:31:27Z
TRD-2BE325885C89,BTC/USD,747.86,82,ORD-BUY-00A120CB,ORD-SELL-BD18D345,2026-10-01T09:31:27Z
TRD-A6DFFF0E7DB6,BTC/USD,944.72,140,ORD-BUY-4A2F680B,ORD-SELL-0FB23CEB,2026-10-01T09:31:28Z
TRD-CE8D3D83CC57,ETH/USD,1132.79,241,ORD-BUY-2FE5894F,ORD-SELL-25060CEE,2026-10-01T09:31:28Z
TRD-638078857E22,AAPL,887.57,67,ORD-BUY-E1E47C27,ORD-SELL-43A4498E,2026-10-01T09:31:28Z
TRD-017852CD5FC1,AMZN,896.06,388,ORD-BUY-206DA3C5,ORD-SELL-234DE1F1,2026-10-01T09:31:29Z
TRD-B381D0279BF7,AAPL,3085.1,169,ORD-BUY-52C6FEEB,ORD-SELL-AFADB0D2,2026-10-01T09:31:29Z
TRD-7710320AD439,AAPL,2038.0,248,ORD-BUY-8E56F03D,ORD-SELL-7A106B40,2026-10-01T09:31:29Z
TRD-C75B6D2F0A5F,NVDA,1416.02,286,ORD-BUY-FC896E90,ORD-SELL-75545BB7,2026-10-01T09:31:30Z
TRD-A6D8DF374935,BTC/USD,1355.24,435,ORD-BUY-B22E0206,ORD-SELL-2082D195,2026-10-01T09:31:30Z
TRD-7D21A00DD89F,AMZN,3119.04,323,ORD-BUY-2ABF0396,ORD-SELL-F6CCF705,2026-10-01T09:31:30Z
TRD-84C02E5FB9BE,BTC/USD,548.02,283,ORD-BUY-83692395,ORD-SELL-6DFC07AD,2026-10-01T09:31:30Z
TRD-F77E3B8E5397,AMZN,2919.2,482,ORD-BUY-73FBA1B0,ORD-SELL-B6262B7B,2026-10-01T09:31:31Z
TRD-0CE1960BB9C1,TSLA,3322.1,16,ORD-BUY-F0BE1332,ORD-SELL-D3878FF1,2026-10-01T09:31:31Z
TRD-4088451A661B,GOOGL,242.11,48,ORD-BUY-C0212559,ORD-SELL-17765676,2026-10-01T09:31:31Z
TRD-F6D5301A442A,TSLA,3370.87,81,ORD-BUY-E36E49F4,ORD-SELL-E9A404A0,2026-10-01T09:31:32Z
TRD-8AAA66E3D701,NVDA,1671.24,147,ORD-BUY-76D2CAA9,ORD-SELL-0367E330,2026-10-01T09:31:32Z
TRD-CAF06ED430B8,BTC/USD,801.4,115,ORD-BUY-FEBBFF13,ORD-SELL-9F37BFA1,2026-10-01T09:31:32Z
TRD-F427874E43E8,MSFT,3144.94,83,ORD-BUY-A7E68D14,ORD-SELL-9B39BAB0,2026-10-01T09:31:33Z
TRD-68A0A00DC5E1,MSFT,1108.68,251,ORD-BUY-4DF36C8C,ORD-SELL-EADE4617,2026-10-01T09:31:33Z
TRD-01E4CDA66877,AMZN,2624.83,36,ORD-BUY-DF3507E5,ORD-SELL-40D65022,2026-10-01T09:31:33Z
TRD-ED8B34272BF5,NVDA,1343.6,461,ORD-BUY-1C5CD1C8,ORD-SELL-D3E434BB,2026-10-01T09:31:34Z
TRD-09DD3F79D5B2,ETH/USD,3438.28,299,ORD-BUY-FBD34B60,ORD-SELL-890546BB,2026-10-01T09:31:34Z
TRD-478CACA9B964,BTC/USD,2341.13,32,ORD-BUY-F97B6039,ORD-SELL-3B8DAF2F,2026-10-01T09:31:34Z
TRD-DC8FEDB80188,BTC/USD,1087.86,399,ORD-BUY-C6B8362B,ORD-SELL-43A1E69B,2026-10-01T09:31:34Z
TRD-4CF599DAF1BD,MSFT,367.48,159,ORD-BUY-A3E40D94,ORD-SELL-51E7E7B8,2026-10-01T09:31:35Z
TRD-E73C77EF6E1E,AAPL,1268.29,313,ORD-BUY-05A5B90B,ORD-SELL-8319F08A,2026-10-01T09:31:35Z
TRD-0BCC15FC97A6,NVDA,816.21,407,ORD-BUY-EBFCF904,ORD-SELL-3BAD1407,2026-10-01T09:31:36Z
TRD-A0B4609D3ED9,GOOGL,880.6,43,ORD-BUY-25D2DA02,ORD-SELL-33C2D496,2026-10-01T09:31:36Z
TRD-D9E183270566,ETH/USD,584.36,174,ORD-BUY-91DA3113,ORD-SELL-421890D4,2026-10-01T09:31:36Z
TRD-477DA5401263,MSFT,3232.89,229,ORD-BUY-2AFD2F83,ORD-SELL-160A4B9F,2026-10-01T09:31:37Z
TRD-90FDB2EB177F,BTC/USD,200.91,248,ORD-BUY-F3BA488C,ORD-SELL-44CF1D12,2026-10-01T09:31:37Z
TRD-BBC0798C56A2,TSLA,2900.43,477,ORD-BUY-B771046E,ORD-SELL-BA5CEC2A,2026-10-01T09:31:37Z
TRD-6B7D5E03F452,NVDA,698.53,115,ORD-BUY-8628D929,ORD-SELL-3D80EC20,2026-10-01T09:31:37Z
TRD-09AB013A6D2E,TSLA,1790.94,75,ORD-BUY-AD78664B,ORD-SELL-4F5A04C4,2026-10-01T09:31:38Z
TRD-36B7508F92C0,AMZN,273.42,453,ORD-BUY-5BFE6F0C,ORD-SELL-4127AF68,2026-10-01T09:31:38Z
TRD-C890814F07B8,TSLA,2874.5,374,ORD-BUY-C80608BA,ORD-SELL-D4DEE5C9,2026-10-01T09:31:38Z
TRD-31C917C36063,AAPL,824.29,20,ORD-BUY-CFD6F69E,ORD-SELL-CCBAFC50,2026-10-01T09:31:39Z
TRD-C895A6983A79,AMZN,2984.42,61,ORD-BUY-2FF6B9AA,ORD-SELL-828F7BA6,2026-10-01T09:31:39Z
TRD-A6C09B51EDE6,BTC/USD,3023.77,185,ORD-BUY-AC8C282A,ORD-SELL-8D490B85,2026-10-01T09:31:39Z
TRD-2B023240CEF7,AMZN,1726.28,33,ORD-BUY-1CFAACCB,ORD-SELL-3A5697B3,2026-10-01T09:31:40Z
TRD-50EF7860FBD6,AAPL,1310.23,465,ORD-BUY-D0D1B67C,ORD-SELL-48E46CFE,2026-10-01T09:31:40Z
TRD-499863054E74,AAPL,3479.71,292,ORD-BUY-E69C81A2,ORD-SELL-9EC02744,2026-10-01T09:31:40Z
TRD-9012CB92272E,GOOGL,2982.99,370,ORD-BUY-3BA41DDA,ORD-SELL-D3E6E5DD,2026-10-01T09:31:41Z
TRD-CFE3B3A6794A,TSLA,3240.81,434,ORD-BUY-6ABEE28D,ORD-SELL-E57FAEF8,2026-10-01T09:31:41Z
TRD-5CBBE1C976D7,AAPL,2619.98,482,ORD-BUY-1741C712,ORD-SELL-907720B9,2026-10-01T09:31:41Z
TRD-21F94BFCB753,ETH/USD,1342.05,115,ORD-BUY-DAE348D8,ORD-SELL-D17A211B,2026-10-01T09:31:42Z
TRD-FCA291BB1F41,BTC/USD,2762.95,423,ORD-BUY-6EEC0F04,ORD-SELL-7CFA11F1,2026-10-01T09:31:42Z
TRD-5196D975DD65,MSFT,1337.28,486,ORD-BUY-18C327CD,ORD-SELL-B3B5107D,2026-10-01T09:31:42Z
TRD-5DCBD6BE31AD,NVDA,1776.56,400,ORD-BUY-B43E2A1E,ORD-SELL-52959819,2026-10-01T09:31:43Z
TRD-DA6649D821A9,ETH/USD,3024.51,480,ORD-BUY-0B626A93,ORD-SELL-E9941F81,2026-10-01T09:31:43Z
TRD-0DF100182281,MSFT,2410.77,208,ORD-BUY-F5BE6B99,ORD-SELL-B41D32B1,2026-10-01T09:31:43Z
TRD-64C146E49CD6,TSLA,1346.66,116,ORD-BUY-48CB287B,ORD-SELL-E0683484,2026-10-01T09:31:44Z
TRD-24505A23354D,AAPL,670.39,129,ORD-BUY-EBF07BF6,ORD-SELL-0AB73623,2026-10-01T09:31:44Z
TRD-CEE065DE1FA5,MSFT,2538.81,385,ORD-BUY-229D92D3,ORD-SELL-71EB9BDE,2026-10-01T09:31:44Z
TRD-46918ED31CDD,NVDA,2549.61,45,ORD-BUY-0DF8D9EB,ORD-SELL-F7CEB5D1,2026-10-01T09:31:44Z
TRD-2D0579DB7566,GOOGL,2854.08,17,ORD-BUY-C2C04066,ORD-SELL-5518D1DD,2026-10-01T09:31:45Z
TRD-E0B31BA59E55,GOOGL,471.31,287,ORD-BUY-86A898D7,ORD-SELL-42F82660,2026-10-01T09:31:46Z
TRD-1E1C7062C447,AMZN,1094.04,208,ORD-BUY-460AFDC3,ORD-SELL-4D2554AC,2026-10-01T09:31:46Z
TRD-29B0124A4284,AMZN,3410.09,404,ORD-BUY-02B0068D,ORD-SELL-09628D10,2026-10-01T09:31:46Z
TRD-8293DEEC7DC0,BTC/USD,3496.31,139,ORD-BUY-EBCAB192,ORD-SELL-6339EE87,2026-10-01T09:31:46Z
TRD-A8E1E3DFCE5B,AMZN,893.98,378,ORD-BUY-53CA0A67,ORD-SELL-D7F4459D,2026-10-01T09:31:47Z
TRD-0BD68599ECFF,AAPL,1822.76,285,ORD-BUY-CDC911B3,ORD-SELL-8A9D74AF,2026-10-01T09:31:47Z
TRD-B43D86CD363D,AMZN,3006.17,347,ORD-BUY-EE1E81D9,ORD-SELL-8262B349,2026-10-01T09:31:47Z
TRD-81AA6787997C,GOOGL,1030.65,326,ORD-BUY-AC9CB537,ORD-SELL-D8CBA335,2026-10-01T09:31:47Z
TRD-22644A55D3D4,BTC/USD,1054.9,436,ORD-BUY-3346B0FA,ORD-SELL-8058AE16,2026-10-01T09:31:48Z
TRD-D85179AE2168,NVDA,3248.85,44,ORD-BUY-3A9AD711,ORD-SELL-AE72EA7F,2026-10-01T09:31:48Z
TRD-56E88605BD57,TSLA,1769.9,492,ORD-BUY-0A784444,ORD-SELL-E4F75D32,2026-10-01T09:31:48Z
TRD-E8013852D03E,MSFT,1468.69,54,ORD-BUY-77FE6FC7,ORD-SELL-95677D3D,2026-10-01T09:31:49Z
TRD-55D92ED24E60,AAPL,501.16,221,ORD-BUY-E0003B09,ORD-SELL-5B2D3C5B,2026-10-01T09:31:49Z
TRD-2769FB6D74E2,AMZN,226.73,391,ORD-BUY-8087C9E9,ORD-SELL-59AFEFE9,2026-10-01T09:31:49Z
TRD-E032426A583E,AMZN,2067.19,397,ORD-BUY-BB3C64DD,ORD-SELL-CC541E42,2026-10-01T09:31:50Z
TRD-E30EDF54FFA6,MSFT,2075.15,385,ORD-BUY-5A6FAB23,ORD-SELL-C019FA8B,2026-10-01T09:31:50Z
TRD-038C2F8B124A,BTC/USD,2140.64,20,ORD-BUY-91F373A6,ORD-SELL-BF25B1F5,2026-10-01T09:31:50Z
TRD-35D6DE16BB12,GOOGL,3375.12,234,ORD-BUY-7DBCD34B,ORD-SELL-E3DA448A,2026-10-01T09:31:51Z
TRD-F9E94712AAA1,ETH/USD,2592.24,477,ORD-BUY-08071FE3,ORD-SELL-4893E3BF,2026-10-01T09:31:51Z
TRD-C0A9697C7D2D,MSFT,1308.83,126,ORD-BUY-4E7FD388,ORD-SELL-AF150C0E,2026-10-01T09:31:52Z
TRD-B7FFD40AE564,NVDA,1758.88,181,ORD-BUY-66DD647D,ORD-SELL-A0613131,2026-10-01T09:31:52Z
TRD-E2C94BC60473,TSLA,1107.75,484,ORD-BUY-898698E4,ORD-SELL-D30C9EB1,2026-10-01T09:31:52Z
TRD-55A9EEB88A58,GOOGL,615.01,101,ORD-BUY-76B9D86E,ORD-SELL-ED03FB6F,2026-10-01T09:31:52Z
TRD-536A69C4374B,MSFT,3027.34,209,ORD-BUY-0B2D71CF,ORD-SELL-6670AC92,2026-10-01T09:31:53Z
TRD-A2B14BEC2FCE,AMZN,224.34,103,ORD-BUY-53B7ABD0,ORD-SELL-A3BB7CDE,2026-10-01T09:31:53Z
TRD-446F699C67A1,AAPL,2635.55,46,ORD-BUY-1BBE6E49,ORD-SELL-7528974B,2026-10-01T09:31:53Z
TRD-26C196A90CEA,MSFT,2134.51,206,ORD-BUY-549BF80B,ORD-SELL-25B99B1C,2026-10-01T09:31:53Z
TRD-ADBE5E502B70,AMZN,1312.62,297,ORD-BUY-E42D91E5,ORD-SELL-534134CC,2026-10-01T09:31:54Z
TRD-C6437DA5F1D5,GOOGL,2780.87,127,ORD-BUY-32356F41,ORD-SELL-B7C6558D,2026-10-01T09:31:54Z
TRD-A0E089D8D1F3,TSLA,2641.81,452,ORD-BUY-07CBD0B9,ORD-SELL-D494A2D1,2026-10-01T09:31:55Z
TRD-52C01553E5F1,BTC/USD,2654.17,278,ORD-BUY-24E1858D,ORD-SELL-7BC44980,2026-10-01T09:31:55Z
TRD-1031E5271143,NVDA,2940.74,462,ORD-BUY-197A65DD,ORD-SELL-47C73B78,2026-10-01T09:31:55Z
TRD-6B6CBC121822,MSFT,2098.45,44,ORD-BUY-EAE4BB79,ORD-SELL-E1A5A591,2026-10-01T09:31:55Z
TRD-F84F31A306F6,ETH/USD,222.43,378,ORD-BUY-CB4ECD2E,ORD-SELL-F824961A,2026-10-01T09:31:56Z
TRD-A7354A219FB1,GOOGL,2840.9,137,ORD-BUY-19B72624,ORD-SELL-86C3EBB2,2026-10-01T09:31:56Z
TRD-02EA072C6C00,GOOGL,852.51,391,ORD-BUY-05B13966,ORD-SELL-8953E9CF,2026-10-01T09:31:56Z
TRD-705BD9C78A86,TSLA,1166.57,129,ORD-BUY-5DC21742,ORD-SELL-E67B0DFA,2026-10-01T09:31:56Z
TRD-E68D7FB98CF9,ETH/USD,3345.6,68,ORD-BUY-19223E0E,ORD-SELL-7E0F9024,2026-10-01T09:31:57Z
TRD-CB5A79A2C923,AAPL,1970.34,407,ORD-BUY-36408A03,ORD-SELL-2BFFAF59,2026-10-01T09:31:57Z
TRD-D52E1F13BADB,AMZN,3219.61,170,ORD-BUY-9BFFE304,ORD-SELL-141A7FE5,2026-10-01T09:31:57Z
TRD-BC07C2C66E42,BTC/USD,3294.19,8,ORD-BUY-98EA95D8,ORD-SELL-58079F73,2026-10-01T09:31:58Z
TRD-A5B39A1F339F,TSLA,1336.31,408,ORD-BUY-97D9D3B2,ORD-SELL-7DAD78BB,2026-10-01T09:31:58Z
TRD-9B689987F023,ETH/USD,610.41,288,ORD-BUY-C52E51F1,ORD-SELL-3AD4DE14,2026-10-01T09:31:58Z
TRD-C9B7CA133FAF,AAPL,3004.0,359,ORD-BUY-4AFB4D74,ORD-SELL-28E04E4C,2026-10-01T09:31:58Z
TRD-7D8873743E95,GOOGL,1567.43,158,ORD-BUY-35A74C89,ORD-SELL-F61B74F0,2026-10-01T09:31:59Z
TRD-ECB5EAF8CC7C,AAPL,117.55,471,ORD-BUY-7A46E237,ORD-SELL-E350BCCE,2026-10-01T09:31:59Z
TRD-8DB363E7F27A,MSFT,3052.34,75,ORD-BUY-DA0DBBF9,ORD-SELL-91ADA765,2026-10-01T09:31:59Z
TRD-751EB02B19E7,GOOGL,3382.54,26,ORD-BUY-6710BAAC,ORD-SELL-294F58F8,2026-10-01T09:31:59Z
TRD-7EAA54A3DE2E,MSFT,873.26,408,ORD-BUY-41E88BE9,ORD-SELL-600E5DCE,2026-10-01T09:32:00Z
TRD-C9DCA9EDB95D,TSLA,1218.72,151,ORD-BUY-CC5DC18B,ORD-SELL-A038D1E5,2026-10-01T09:32:00Z
TRD-8FAC13159870,AMZN,1458.85,301,ORD-BUY-539AD6A7,ORD-SELL-10ACA89B,2026-10-01T09:32:00Z
TRD-C43F14B4EB6F,BTC/USD,2515.19,37,ORD-BUY-1A55C181,ORD-SELL-85A87AB2,2026-10-01T09:32:00Z
TRD-8F014F34891D,BTC/USD,82.51,236,ORD-BUY-2F49605F,ORD-SELL-AFF0348D,2026-10-01T09:32:01Z
TRD-A2B6F8037FBC,BTC/USD,1465.94,232,ORD-BUY-E140BAAD,ORD-SELL-DEE908B6,2026-10-01T09:32:01Z
TRD-8272A0B6B020,GOOGL,2759.76,122,ORD-BUY-878D4A02,ORD-SELL-09758E5F,2026-10-01T09:32:01Z
TRD-692EEA3FACD4,ETH/USD,1240.73,477,ORD-BUY-2B033047,ORD-SELL-03865E9D,2026-10-01T09:32:01Z
TRD-59CD86204F9B,MSFT,2475.09,476,ORD-BUY-F84EE1E4,ORD-SELL-50573F0F,2026-10-01T09:32:02Z
TRD-A57F3DB023B9,TSLA,1116.75,112,ORD-BUY-064A32F2,ORD-SELL-90D2EF52,2026-10-01T09:32:02Z
TRD-A56806A3F927,AAPL,3213.24,279,ORD-BUY-C117D8DB,ORD-SELL-93394342,2026-10-01T09:32:02Z
TRD-3311EB5D45EB,BTC/USD,3319.31,91,ORD-BUY-E6884B6A,ORD-SELL-13266E3A,2026-10-01T09:32:02Z
TRD-888AC82AE2D7,ETH/USD,2079.83,60,ORD-BUY-1022BC0B,ORD-SELL-D470876A,2026-10-01T09:32:03Z
TRD-31194500B400,BTC/USD,628.54,180,ORD-BUY-AF91F599,ORD-SELL-89E70530,2026-10-01T09:32:03Z
TRD-54F1C822025D,MSFT,3394.34,498,ORD-BUY-DE0B990C,ORD-SELL-2578EC71,2026-10-01T09:32:03Z
TRD-78F101B1DBC6,AMZN,1704.9,67,ORD-BUY-12AF09A2,ORD-SELL-331148CE,2026-10-01T09:32:03Z
TRD-5C2EC9283BD3,MSFT,2045.93,378,ORD-BUY-E22F6EEA,ORD-SELL-FB90F43F,2026-10-01T09:32:04Z
TRD-317B09E95B4B,ETH/USD,707.55,18,ORD-BUY-90E2BB65,ORD-SELL-44FA7299,2026-10-01T09:32:04Z
TRD-6C47BC994E6F,TSLA,1187.16,305,ORD-BUY-A238356E,ORD-SELL-0D19ADE8,2026-10-01T09:32:04Z
TRD-7D6D18E005FE,MSFT,299.33,133,ORD-BUY-8057E225,ORD-SELL-2829C7AA,2026-10-01T09:32:05Z
TRD-077C2F3365E2,AMZN,2301.37,130,ORD-BUY-BE24C2C9,ORD-SELL-341D12B5,2026-10-01T09:32:05Z
TRD-A3674614309B,ETH/USD,3018.83,41,ORD-BUY-2C2ADC02,ORD-SELL-31FD16FF,2026-10-01T09:32:05Z
TRD-A7468FC278B9,NVDA,634.87,456,ORD-BUY-3C58D3D0,ORD-SELL-7F1395C8,2026-10-01T09:32:06Z
TRD-A60F292DFEBF,BTC/USD,1785.2,468,ORD-BUY-1B9D662D,ORD-SELL-387041CB,2026-10-01T09:32:07Z
TRD-525AF8895E46,BTC/USD,3167.15,260,ORD-BUY-10264309,ORD-SELL-F234EDB9,2026-10-01T09:32:07Z
TRD-51F80702F24D,GOOGL,424.04,353,ORD-BUY-5D2B0849,ORD-SELL-A9EB7C25,2026-10-01T09:32:07Z
TRD-FC57EFA3BA2B,ETH/USD,3297.63,6,ORD-BUY-B3B19F42,ORD-SELL-64689413,2026-10-01T09:32:07Z
TRD-9EC60450BE19,AMZN,2039.07,418,ORD-BUY-89FB961E,ORD-SELL-1C5AB189,2026-10-01T09:32:08Z
TRD-4C1E224F3EF7,BTC/USD,1496.1,436,ORD-BUY-CC25EB75,ORD-SELL-0C6C9522,2026-10-01T09:32:08Z
TRD-33D2E94C1B31,ETH/USD,3347.35,26,ORD-BUY-49574BDA,ORD-SELL-82248AD0,2026-10-01T09:32:08Z
TRD-2EE8A6554E34,AMZN,1911.66,281,ORD-BUY-19464E22,ORD-SELL-72C010DA,2026-10-01T09:32:09Z
TRD-9DE33550548D,AAPL,1177.51,40,ORD-BUY-DA2DBD10,ORD-SELL-558633C3,2026-10-01T09:32:09Z
TRD-38AD12042419,BTC/USD,3285.68,211,ORD-BUY-0FFEB0D1,ORD-SELL-9348EAAD,2026-10-01T09:32:09Z
TRD-B6D43431657A,GOOGL,2660.07,168,ORD-BUY-EEC0076A,ORD-SELL-BA6A96E5,2026-10-01T09:32:10Z
TRD-EBEBE51FDC8A,BTC/USD,1735.31,131,ORD-BUY-5F2D7A0E,ORD-SELL-8A30858E,2026-10-01T09:32:10Z
TRD-1DD25725ED3A,GOOGL,1593.88,308,ORD-BUY-68961BD8,ORD-SELL-2BE3FF43,2026-10-01T09:32:10Z
TRD-0FC2C145B6BC,AMZN,683.6,193,ORD-BUY-4F9EC4D2,ORD-SELL-66D0CF53,2026-10-01T09:32:10Z
TRD-F7F7F082C660,TSLA,3151.19,197,ORD-BUY-D850E46F,ORD-SELL-CB75EF61,2026-10-01T09:32:11Z
TRD-5B36DB9ECA5D,NVDA,2968.88,234,ORD-BUY-C2AB9FB8,ORD-SELL-0B4C7B66,2026-10-01T09:32:11Z
TRD-4430FF872ABF,NVDA,725.64,209,ORD-BUY-63346CCD,ORD-SELL-3C148226,2026-10-01T09:32:11Z
TRD-9C38C8A22DF3,ETH/USD,2828.16,301,ORD-BUY-442DAAA3,ORD-SELL-B0430B4F,2026-10-01T09:32:11Z
TRD-2BD2548817EE,MSFT,2394.34,166,ORD-BUY-1299EBC3,ORD-SELL-4573B304,2026-10-01T09:32:12Z
TRD-E67FF33221B4,NVDA,468.88,175,ORD-BUY-B06B67FD,ORD-SELL-377E6665,2026-10-01T09:32:12Z
TRD-6459E9F8C6A5,AAPL,114.3,153,ORD-BUY-31DFD961,ORD-SELL-55DDD87A,2026-10-01T09:32:12Z
TRD-DA0FF2A468BB,MSFT,148.62,204,ORD-BUY-C3F99E42,ORD-SELL-1259E0C2,2026-10-01T09:32:13Z
TRD-1AF8E937D496,ETH/USD,1672.06,390,ORD-BUY-F1B6835D,ORD-SELL-01125415,2026-10-01T09:32:13Z
TRD-C77BB395372E,MSFT,2618.52,314,ORD-BUY-F753F2CC,ORD-SELL-F2F6A46C,2026-10-01T09:32:13Z
TRD-9CAAFE80383D,GOOGL,1241.16,146,ORD-BUY-F8B703FA,ORD-SELL-7F3A29CB,2026-10-01T09:32:14Z
TRD-5E2300286E93,AMZN,3121.99,242,ORD-BUY-88BD9541,ORD-SELL-44445C2D,2026-10-01T09:32:14Z
TRD-2A337EE12A71,AMZN,2247.25,222,ORD-BUY-88735FF6,ORD-SELL-647A9F5C,2026-10-01T09:32:14Z
TRD-9E0AF2D92469,NVDA,2156.52,472,ORD-BUY-1004ED75,ORD-SELL-853ECCFB,2026-10-01T09:32:14Z
TRD-A789BAB4C40F,ETH/USD,3384.58,171,ORD-BUY-337DF2A0,ORD-SELL-633213D5,2026-10-01T09:32:15Z
TRD-756CEDBA0F66,BTC/USD,2192.75,145,ORD-BUY-5B116B9F,ORD-SELL-F3B09B3D,2026-10-01T09:32:15Z
TRD-648EAB63B5F0,AMZN,922.98,440,ORD-BUY-EBE1E224,ORD-SELL-3C143F26,2026-10-01T09:32:15Z
TRD-5385F9876EC3,AMZN,933.74,152,ORD-BUY-C4E2CB2E,ORD-SELL-876EFC17,2026-10-01T09:32:16Z
TRD-B5D4C3634CA4,BTC/USD,97.17,338,ORD-BUY-623E7402,ORD-SELL-5404DAEF,2026-10-01T09:32:16Z
TRD-3EC508164143,ETH/USD,3253.81,302,ORD-BUY-8EA8F372,ORD-SELL-A78495A6,2026-10-01T09:32:16Z
TRD-892B717E3A0E,NVDA,1270.11,41,ORD-BUY-5162D923,ORD-SELL-6F28AC96,2026-10-01T09:32:16Z
TRD-1E44524313F7,AAPL,3067.95,480,ORD-BUY-FCB07F0D,ORD-SELL-27D4181D,2026-10-01T09:32:17Z
TRD-C5E36B4B06ED,AMZN,1182.0,208,ORD-BUY-63382517,ORD-SELL-D3EDFB9B,2026-10-01T09:32:17Z
TRD-234A04393E32,TSLA,2262.73,403,ORD-BUY-E18AAEAE,ORD-SELL-61C237BF,2026-10-01T09:32:18Z
TRD-772E89864261,BTC/USD,2397.96,476,ORD-BUY-1680FB8C,ORD-SELL-0BB0591F,2026-10-01T09:32:18Z
TRD-E3901F3E4EE7,NVDA,1193.06,365,ORD-BUY-49A433D4,ORD-SELL-8FA69815,2026-10-01T09:32:18Z
TRD-2F9472C0926A,GOOGL,911.18,308,ORD-BUY-07D1F882,ORD-SELL-31A93F4A,2026-10-01T09:32:18Z
TRD-93909DAB3B31,MSFT,739.4,320,ORD-BUY-FB21E038,ORD-SELL-426F144B,2026-10-01T09:32:19Z
TRD-7E1FD9C07331,BTC/USD,1440.87,459,ORD-BUY-F10D7049,ORD-SELL-702C1C08,2026-10-01T09:32:19Z
TRD-5A81AD345516,GOOGL,138.99,289,ORD-BUY-819F344B,ORD-SELL-617139A4,2026-10-01T09:32:20Z
TRD-8A1D2D13330E,MSFT,353.6,219,ORD-BUY-55E449CA,ORD-SELL-8455AB7E,2026-10-01T09:32:20Z
TRD-A03377FB7FB8,BTC/USD,1124.57,463,ORD-BUY-45AB201D,ORD-SELL-DEE45322,2026-10-01T09:32:20Z
TRD-BD19BA87F4C8,TSLA,1737.37,219,ORD-BUY-59709F95,ORD-SELL-90168A29,2026-10-01T09:32:21Z
TRD-4F4C00EFC01A,ETH/USD,2149.17,249,ORD-BUY-A758984B,ORD-SELL-59135F98,2026-10-01T09:32:21Z
TRD-A4EE5DAFD7EE,MSFT,1676.62,12,ORD-BUY-D65ED8D6,ORD-SELL-D665FE33,2026-10-01T09:32:22Z
TRD-8C15115C4206,ETH/USD,881.16,423,ORD-BUY-54B3E2DC,ORD-SELL-708A765B,2026-10-01T09:32:22Z
TRD-49AF276B2DC9,BTC/USD,76.03,219,ORD-BUY-A09D5879,ORD-SELL-A5EB7591,2026-10-01T09:32:22Z
TRD-7215E180135E,MSFT,2814.08,40,ORD-BUY-0FDB4F03,ORD-SELL-2146B3A5,2026-10-01T09:32:23Z
TRD-65B53065A2AD,TSLA,83.65,151,ORD-BUY-33C95DCF,ORD-SELL-F19965AB,2026-10-01T09:32:23Z
TRD-472E08C1A213,TSLA,1059.37,448,ORD-BUY-D769C924,ORD-SELL-E3547E62,2026-10-01T09:32:23Z
TRD-AC34B276A7AE,BTC/USD,283.98,200,ORD-BUY-11F7E7AB,ORD-SELL-39E07E54,2026-10-01T09:32:23Z
TRD-DBB687B57F99,MSFT,3226.56,261,ORD-BUY-CA482AE4,ORD-SELL-8A28B5DF,2026-10-01T09:32:24Z
TRD-2E4272DC362F,NVDA,1414.36,85,ORD-BUY-2638047A,ORD-SELL-4F5E5625,2026-10-01T09:32:24Z
TRD-CADFA17B97A7,TSLA,1694.4,307,ORD-BUY-02C1F97F,ORD-SELL-EF101C0B,2026-10-01T09:32:24Z
TRD-2875A4A04D72,ETH/USD,3205.04,71,ORD-BUY-498D8F58,ORD-SELL-CEBC4901,2026-10-01T09:32:25Z
TRD-5C32400403E2,NVDA,2763.55,387,ORD-BUY-940A0C02,ORD-SELL-111D73B4,2026-10-01T09:32:25Z
TRD-E11001F1699A,ETH/USD,2573.02,56,ORD-BUY-101E3674,ORD-SELL-C2999042,2026-10-01T09:32:25Z
TRD-224B756D04A9,AMZN,616.02,186,ORD-BUY-C2AD0DF0,ORD-SELL-B65F7BE6,2026-10-01T09:32:25Z
TRD-602DE3056787,AMZN,585.82,151,ORD-BUY-B769CABF,ORD-SELL-83AD8A4C,2026-10-01T09:32:26Z
TRD-C2A7B58D65A1,BTC/USD,2288.2,152,ORD-BUY-C9FBA6EC,ORD-SELL-00205FEF,2026-10-01T09:32:27Z
TRD-1917A28691B4,NVDA,50.72,336,ORD-BUY-A840AF0D,ORD-SELL-BC35DCD5,2026-10-01T09:32:27Z
TRD-6A039CB8A0CA,TSLA,1531.26,288,ORD-BUY-B3802484,ORD-SELL-5BBF05B1,2026-10-01T09:32:27Z
TRD-215D88AD99E4,MSFT,2511.16,245,ORD-BUY-264883D3,ORD-SELL-D87A75AA,2026-10-01T09:32:28Z
TRD-0F86F7A44D92,TSLA,788.04,216,ORD-BUY-CB4E1876,ORD-SELL-A2164F89,2026-10-01T09:32:28Z
TRD-DB062B9F4A4F,TSLA,793.31,228,ORD-BUY-25E50204,ORD-SELL-35CCB30E,2026-10-01T09:32:28Z
TRD-C103EF450AAF,TSLA,2219.71,428,ORD-BUY-B69022B9,ORD-SELL-51504554,2026-10-01T09:32:28Z
TRD-F564EA532303,AAPL,142.85,154,ORD-BUY-324B125A,ORD-SELL-57DE3A19,2026-10-01T09:32:29Z
TRD-2F80E80C3BFF,TSLA,3299.02,66,ORD-BUY-523A5057,ORD-SELL-6DA250B3,2026-10-01T09:32:29Z
TRD-754AD6C4E09A,NVDA,704.95,197,ORD-BUY-4F575E9F,ORD-SELL-E4897325,2026-10-01T09:32:29Z
TRD-3570DCA79FE2,ETH/USD,3245.43,32,ORD-BUY-0A3E3B5C,ORD-SELL-B4DEDD7D,2026-10-01T09:32:29Z
TRD-C5B83C461939,ETH/USD,1457.65,401,ORD-BUY-ABA7051C,ORD-SELL-6ACB4ECB,2026-10-01T09:32:30Z
TRD-409D9E9BB7F3,AAPL,1496.42,406,ORD-BUY-67F3C9D4,ORD-SELL-4293B302,2026-10-01T09:32:30Z
TRD-3A86DD1BF933,TSLA,2396.24,350,ORD-BUY-5F97E6C2,ORD-SELL-3BC66F30,2026-10-01T09:32:30Z
TRD-8C44AA0877B7,AAPL,2221.37,250,ORD-BUY-0FA55B5D,ORD-SELL-ABAD5F1D,2026-10-01T09:32:30Z
TRD-609CC7FD6F15,BTC/USD,134.51,92,ORD-BUY-CB98F0AB,ORD-SELL-1974D09C,2026-10-01T09:32:31Z
TRD-6444E8CD8019,ETH/USD,1127.18,15,ORD-BUY-182ABE7D,ORD-SELL-FD9736A5,2026-10-01T09:32:31Z
TRD-E494EF4DD334,BTC/USD,3306.65,430,ORD-BUY-29BBE4F4,ORD-SELL-66DA7135,2026-10-01T09:32:31Z
TRD-EF643C8BB018,BTC/USD,936.77,90,ORD-BUY-86AEC9F4,ORD-SELL-9FCA49C0,2026-10-01T09:32:31Z
TRD-4B09E50E93D1,TSLA,3008.46,437,ORD-BUY-0D9563D1,ORD-SELL-487241F2,2026-10-01T09:32:32Z
TRD-7996687FD182,AMZN,1887.26,227,ORD-BUY-2BBEE505,ORD-SELL-C2CC6E4D,2026-10-01T09:32:32Z
TRD-D91E78C271D1,TSLA,1146.17,420,ORD-BUY-F11D8555,ORD-SELL-8B3A42B1,2026-10-01T09:32:32Z
TRD-6041008A5409,ETH/USD,1064.41,306,ORD-BUY-1DDBB7CF,ORD-SELL-657B4831,2026-10-01T09:32:32Z
TRD-11E019071219,BTC/USD,1655.66,396,ORD-BUY-A653F52D,ORD-SELL-94A9A5EF,2026-10-01T09:32:33Z
TRD-B4B282E4417C,NVDA,2442.51,360,ORD-BUY-90D6F15E,ORD-SELL-B729E96F,2026-10-01T09:32:33Z
TRD-92F3518B47DE,AMZN,589.49,214,ORD-BUY-33E2FAA0,ORD-SELL-6B6556EC,2026-10-01T09:32:33Z
TRD-29691C3B8956,TSLA,975.33,460,ORD-BUY-951634C6,ORD-SELL-B350957D,2026-10-01T09:32:34Z
TRD-41FC75415BDD,TSLA,2311.28,266,ORD-BUY-4775C73E,ORD-SELL-C0620E23,2026-10-01T09:32:34Z
TRD-D97B3161BCA0,AAPL,1385.64,207,ORD-BUY-46E7A7DF,ORD-SELL-46ADF706,2026-10-01T09:32:34Z
TRD-D8A0D508D2F7,AAPL,3325.92,292,ORD-BUY-23F02245,ORD-SELL-5D72A37C,2026-10-01T09:32:34Z
TRD-164C04D9387C,AAPL,357.99,447,ORD-BUY-9B2925B7,ORD-SELL-A77E8FB9,2026-10-01T09:32:35Z
TRD-140C0B9E82C7,ETH/USD,2815.71,232,ORD-BUY-EC256264,ORD-SELL-00C185E8,2026-10-01T09:32:35Z
TRD-91EDB83A017C,MSFT,3345.1,308,ORD-BUY-79E0FF3D,ORD-SELL-CE93CB8B,2026-10-01T09:32:35Z
TRD-01292F2C17D3,ETH/USD,111.13,120,ORD-BUY-ECEDFCFC,ORD-SELL-D46ACBE0,2026-10-01T09:32:35Z
TRD-B533CEC7D2AB,GOOGL,3437.89,81,ORD-BUY-21A18FDE,ORD-SELL-3E7D5D1C,2026-10-01T09:32:36Z
TRD-90765CD03790,AMZN,1102.23,386,ORD-BUY-F472A462,ORD-SELL-74D05A6A,2026-10-01T09:32:36Z
TRD-D54C569314F2,MSFT,205.85,44,ORD-BUY-BECF019C,ORD-SELL-9516AB43,2026-10-01T09:32:36Z
TRD-7C01BC7010E9,TSLA,107.18,141,ORD-BUY-6EB28D9D,ORD-SELL-7D8B9643,2026-10-01T09:32:37Z
TRD-C649C7CA2CC6,GOOGL,685.31,6,ORD-BUY-F8FD5704,ORD-SELL-A41E924F,2026-10-01T09:32:37Z
TRD-BECE285A9F17,NVDA,3079.62,349,ORD-BUY-A84EFEE8,ORD-SELL-81E9BF7F,2026-10-01T09:32:37Z
TRD-CD15F5A17195,TSLA,2336.76,393,ORD-BUY-497079E2,ORD-SELL-25DF1ACD,2026-10-01T09:32:38Z
TRD-FA651F7E0CA5,GOOGL,3067.8,12,ORD-BUY-ACC95DD3,ORD-SELL-20CF82C7,2026-10-01T09:32:39Z
TRD-843B7C0BF737,MSFT,2355.23,96,ORD-BUY-2D148B7C,ORD-SELL-1EEA2C46,2026-10-01T09:32:39Z
TRD-204C7B60FF18,MSFT,1585.9,392,ORD-BUY-DE8839B3,ORD-SELL-749DFDCF,2026-10-01T09:32:39Z
TRD-6852432350EC,AMZN,2614.29,122,ORD-BUY-17AB8A0C,ORD-SELL-D0C6927C,2026-10-01T09:32:39Z
TRD-C6F1D296BF0F,BTC/USD,1730.78,135,ORD-BUY-60F95B9E,ORD-SELL-65A2F818,2026-10-01T09:32:40Z
TRD-1F50F53DAB1C,TSLA,2793.25,204,ORD-BUY-513D8081,ORD-SELL-5D01E68C,2026-10-01T09:32:40Z
TRD-DF5E93DA8FE1,TSLA,926.71,219,ORD-BUY-A9CCD5E7,ORD-SELL-6C3EFDCB,2026-10-01T09:32:40Z
TRD-50DE40FD4D75,ETH/USD,1968.69,382,ORD-BUY-72E4B46D,ORD-SELL-8CCC3B92,2026-10-01T09:32:40Z
TRD-C7440092D67E,MSFT,3472.47,171,ORD-BUY-81E724AF,ORD-SELL-B0DA8FF6,2026-10-01T09:32:41Z
TRD-4E87ED9771E7,TSLA,1898.42,7,ORD-BUY-BB9A7C04,ORD-SELL-3AA8F982,2026-10-01T09:32:41Z
TRD-EC887F8F9777,MSFT,3349.41,260,ORD-BUY-5DEDD5F7,ORD-SELL-D02E5E8A,2026-10-01T09:32:41Z
TRD-717F03E8208A,NVDA,3422.31,246,ORD-BUY-1454C638,ORD-SELL-1EA216E1,2026-10-01T09:32:42Z
TRD-0C7A4A558FB5,ETH/USD,3066.47,285,ORD-BUY-2BF435BB,ORD-SELL-965B4624,2026-10-01T09:32:42Z
TRD-C112C74D59B5,GOOGL,1937.55,326,ORD-BUY-768D2011,ORD-SELL-A0563C5D,2026-10-01T09:32:42Z
TRD-7B6B8520B4CA,MSFT,167.83,139,ORD-BUY-9D8F7E1E,ORD-SELL-E469BA13,2026-10-01T09:32:43Z
TRD-B93890B95310,AAPL,2086.09,216,ORD-BUY-3E4F6963,ORD-SELL-8B9B6889,2026-10-01T09:32:43Z
TRD-D8C3E86C3514,AMZN,2294.69,495,ORD-BUY-B98C65D1,ORD-SELL-96129F3E,2026-10-01T09:32:43Z
TRD-0198E1369E94,ETH/USD,2854.96,66,ORD-BUY-130711F8,ORD-SELL-24A9572E,2026-10-01T09:32:44Z
TRD-F421A45714EF,AMZN,441.22,211,ORD-BUY-1298531D,ORD-SELL-14DDD407,2026-10-01T09:32:44Z
TRD-6F032302B468,NVDA,984.79,259,ORD-BUY-EC0175BC,ORD-SELL-D5149084,2026-10-01T09:32:44Z
TRD-66199103EDBF,NVDA,1315.93,445,ORD-BUY-F936891B,ORD-SELL-B140FC36,2026-10-01T09:32:45Z
TRD-BB68C1CE5E3D,AAPL,2308.24,23,ORD-BUY-9DAF6B2B,ORD-SELL-E2B10384,2026-10-01T09:32:45Z
TRD-0FD3DFA32AD2,BTC/USD,1745.46,75,ORD-BUY-CA8D6128,ORD-SELL-906E6F3D,2026-10-01T09:32:45Z
TRD-4C0B0451C4F1,AAPL,3017.58,161,ORD-BUY-88E93A44,ORD-SELL-17B3C914,2026-10-01T09:32:45Z
TRD-85843A2C1A7A,MSFT,2644.98,285,ORD-BUY-B16C2D51,ORD-SELL-2914BE53,2026-10-01T09:32:46Z
TRD-B84CADE2D9EE,TSLA,2173.77,64,ORD-BUY-96EF7203,ORD-SELL-D64413E0,2026-10-01T09:32:46Z
TRD-597DED430645,GOOGL,721.14,9,ORD-BUY-1954256D,ORD-SELL-18B6D2EE,2026-10-01T09:32:47Z
TRD-AB91F12FE3D1,AAPL,1775.13,31,ORD-BUY-BDC2093E,ORD-SELL-D72050F3,2026-10-01T09:32:47Z
TRD-7DB7F3F22E8B,AAPL,2435.17,225,ORD-BUY-5A2D4722,ORD-SELL-D0100EDD,2026-10-01T09:32:47Z
TRD-659D2A344713,AMZN,3180.12,221,ORD-BUY-3D199388,ORD-SELL-8E73E0D7,2026-10-01T09:32:48Z
TRD-CBC09581295E,GOOGL,3432.4,32,ORD-BUY-2F66EC35,ORD-SELL-A59A4E86,2026-10-01T09:32:48Z
TRD-A9AA13F914FB,TSLA,508.84,222,ORD-BUY-58ECA09D,ORD-SELL-EDEFC53D,2026-10-01T09:32:48Z
TRD-73D5C4BE4433,GOOGL,2860.4,20,ORD-BUY-3B49E478,ORD-SELL-17B21E02,2026-10-01T09:32:49Z
TRD-5FD444C38D67,ETH/USD,2771.78,442,ORD-BUY-FB78814D,ORD-SELL-67805218,2026-10-01T09:32:49Z
TRD-ADCB98702D37,MSFT,1288.51,114,ORD-BUY-AD26B215,ORD-SELL-D98EAD63,2026-10-01T09:32:49Z
TRD-76C06C94A02A,ETH/USD,2819.18,448,ORD-BUY-D2E5D50A,ORD-SELL-30234F05,2026-10-01T09:32:49Z
TRD-C2FE33208A5F,BTC/USD,2421.53,134,ORD-BUY-D16B256B,ORD-SELL-D0AB974D,2026-10-01T09:32:50Z
TRD-6DD52FAA2EA2,NVDA,2947.09,216,ORD-BUY-59149956,ORD-SELL-889352AC,2026-10-01T09:32:50Z
TRD-EF0DF7824290,AAPL,2828.36,214,ORD-BUY-512EA00A,ORD-SELL-56309D93,2026-10-01T09:32:50Z
TRD-951F305FD723,AMZN,2946.69,203,ORD-BUY-C3369D01,ORD-SELL-B5D92F7F,2026-10-01T09:32:51Z
TRD-0CC60BE22CE4,AMZN,2880.9,33,ORD-BUY-14E80E70,ORD-SELL-48CB9F5A,2026-10-01T09:32:51Z
TRD-21336D505A10,AAPL,1535.69,396,ORD-BUY-ED0C40E6,ORD-SELL-9F9469AB,2026-10-01T09:32:52Z
TRD-FB291909923C,MSFT,1533.42,451,ORD-BUY-39287CCE,ORD-SELL-A72BAD3A,2026-10-01T09:32:52Z
TRD-CBF8DB540B9B,GOOGL,537.14,143,ORD-BUY-CFD1F0CE,ORD-SELL-CFAEEC1E,2026-10-01T09:32:52Z
TRD-5E4AF826576B,BTC/USD,3494.53,220,ORD-BUY-B7E35436,ORD-SELL-5CCA080F,2026-10-01T09:32:52Z
TRD-DF8928C7E4BC,AAPL,3351.22,355,ORD-BUY-35C1BB64,ORD-SELL-B0E78FA5,2026-10-01T09:32:53Z
TRD-8538A2A9EB5A,AMZN,883.61,263,ORD-BUY-79F1847F,ORD-SELL-14D8C060,2026-10-01T09:32:53Z
TRD-BF56A9B98607,NVDA,2310.11,16,ORD-BUY-F2AB0155,ORD-SELL-A84D4E45,2026-10-01T09:32:53Z
TRD-A6FDBCDDAE08,TSLA,2456.44,435,ORD-BUY-49D2FF43,ORD-SELL-0BF449D7,2026-10-01T09:32:54Z
TRD-FDAF07E48744,ETH/USD,2899.94,84,ORD-BUY-D46E909C,ORD-SELL-50E84720,2026-10-01T09:32:54Z
TRD-418592C95A8D,MSFT,394.13,205,ORD-BUY-ED86C1BD,ORD-SELL-A8B42924,2026-10-01T09:32:54Z
TRD-F4FF458085FB,GOOGL,1158.86,388,ORD-BUY-8D39D15E,ORD-SELL-2B65B98D,2026-10-01T09:32:54Z
TRD-FE8A0F3575DE,MSFT,1966.85,307,ORD-BUY-B776AAFF,ORD-SELL-BCD6DD5F,2026-10-01T09:32:55Z
TRD-A6F3CA718D83,TSLA,210.61,261,ORD-BUY-A572CC8B,ORD-SELL-FC32B556,2026-10-01T09:32:55Z
TRD-571D245EF3A1,MSFT,3293.99,444,ORD-BUY-F48DC9D3,ORD-SELL-9F0F894D,2026-10-01T09:32:55Z
TRD-290BACD862AA,AAPL,2321.57,134,ORD-BUY-6BB918A9,ORD-SELL-280111B5,2026-10-01T09:32:56Z
TRD-8AEE749E4DE3,NVDA,3021.92,227,ORD-BUY-84F6BC80,ORD-SELL-30159A55,2026-10-01T09:32:56Z
TRD-254F7C3B2F05,MSFT,1386.44,51,ORD-BUY-489EFC8B,ORD-SELL-7B1280F0,2026-10-01T09:32:56Z
TRD-3D4372B246F5,AMZN,2377.35,257,ORD-BUY-4589750A,ORD-SELL-5E4BFCE8,2026-10-01T09:32:57Z
TRD-CC53C222A52D,BTC/USD,1503.36,392,ORD-BUY-B0BCC0BA,ORD-SELL-AA4528E2,2026-10-01T09:32:57Z
TRD-3825B1899CCE,AAPL,3251.71,21,ORD-BUY-8A6B0537,ORD-SELL-8555F8A9,2026-10-01T09:32:57Z
TRD-BB7E1661A3A9,ETH/USD,593.29,329,ORD-BUY-C3A2140A,ORD-SELL-FB25757C,2026-10-01T09:32:58Z
TRD-160F586A1192,BTC/USD,1352.43,74,ORD-BUY-E9FC8627,ORD-SELL-D868AAFD,2026-10-01T09:32:58Z
TRD-D86C871667EF,TSLA,481.09,97,ORD-BUY-01701D0F,ORD-SELL-16DD1A38,2026-10-01T09:32:59Z
TRD-5A3C1B45B9A0,ETH/USD,178.52,34,ORD-BUY-01381210,ORD-SELL-7856E3A9,2026-10-01T09:32:59Z
TRD-0B16943FA1C4,AMZN,3012.53,152,ORD-BUY-355BE9A7,ORD-SELL-DA72099E,2026-10-01T09:32:59Z
TRD-6DB205178920,AMZN,602.04,299,ORD-BUY-B7D9A5D3,ORD-SELL-69478541,2026-10-01T09:32:59Z
TRD-885E082C3E8A,GOOGL,241.15,181,ORD-BUY-DCD9A8C5,ORD-SELL-5AAF05CD,2026-10-01T09:33:00Z
TRD-31B8CE4BD1B9,NVDA,575.19,308,ORD-BUY-AA237865,ORD-SELL-A4FF362E,2026-10-01T09:33:00Z
TRD-A741DDB2FC4A,AMZN,277.33,315,ORD-BUY-9D077127,ORD-SELL-F8714F81,2026-10-01T09:33:00Z
TRD-1392986583D6,GOOGL,683.8,74,ORD-BUY-9894AA36,ORD-SELL-3A65AFC8,2026-10-01T09:33:01Z
TRD-480823EF6D25,NVDA,3488.29,20,ORD-BUY-CC83AECF,ORD-SELL-2CD446E2,2026-10-01T09:33:01Z
TRD-F992A7152933,BTC/USD,1737.04,393,ORD-BUY-0D373EAB,ORD-SELL-15069DF4,2026-10-01T09:33:02Z
TRD-4AEA525AC1A3,AAPL,137.76,229,ORD-BUY-453783F9,ORD-SELL-0F6A51EA,2026-10-01T09:33:02Z
TRD-20D0AC606400,AMZN,937.02,160,ORD-BUY-FD7FCA68,ORD-SELL-C94DD1F9,2026-10-01T09:33:03Z
TRD-4DDA965C128D,BTC/USD,962.17,107,ORD-BUY-7312AA15,ORD-SELL-384C1DA9,2026-10-01T09:33:03Z
TRD-205B2E848329,TSLA,2640.09,212,ORD-BUY-2B161062,ORD-SELL-60DB2149,2026-10-01T09:33:03Z
TRD-F6316A3AC260,AMZN,79.85,402,ORD-BUY-7B63627D,ORD-SELL-C8EF39DE,2026-10-01T09:33:04Z
TRD-B5185FD03A36,AAPL,1795.28,186,ORD-BUY-EC8D0E8A,ORD-SELL-F288BB45,2026-10-01T09:33:04Z
TRD-7DCA44D94C8D,GOOGL,2606.41,164,ORD-BUY-1B14BD09,ORD-SELL-72CC5A5E,2026-10-01T09:33:04Z
TRD-85063E26BDCB,MSFT,2964.96,8,ORD-BUY-A040C238,ORD-SELL-AA0300CB,2026-10-01T09:33:04Z
TRD-07744741B3BE,AAPL,1439.0,351,ORD-BUY-50DAB7E3,ORD-SELL-33C8F954,2026-10-01T09:33:05Z
TRD-BDEDC68C9EA2,BTC/USD,2307.09,352,ORD-BUY-B64AB518,ORD-SELL-60A467CC,2026-10-01T09:33:05Z
TRD-9B035A4D4062,AMZN,527.46,351,ORD-BUY-8E6EFCD2,ORD-SELL-A108EB37,2026-10-01T09:33:05Z
TRD-99F910561A6D,GOOGL,69.19,472,ORD-BUY-C648C6FA,ORD-SELL-47837FC1,2026-10-01T09:33:05Z
TRD-CAB267B87DE9,MSFT,3071.62,312,ORD-BUY-B9B5D772,ORD-SELL-466764B4,2026-10-01T09:33:06Z
TRD-1EAB687CC5D1,AAPL,2179.3,41,ORD-BUY-3CECBBA7,ORD-SELL-729420BC,2026-10-01T09:33:06Z
TRD-29F8C476F1A5,BTC/USD,1074.93,48,ORD-BUY-A271D73B,ORD-SELL-65A81D51,2026-10-01T09:33:06Z
TRD-DA97559A5895,NVDA,466.01,250,ORD-BUY-8F1C2219,ORD-SELL-FAC60DD7,2026-10-01T09:33:07Z
TRD-DCB5675B574C,GOOGL,914.78,323,ORD-BUY-76B80858,ORD-SELL-BFB47ECA,2026-10-01T09:33:07Z
TRD-3AAA366515BB,NVDA,1286.23,246,ORD-BUY-C09E1AEF,ORD-SELL-158D711C,2026-10-01T09:33:07Z
TRD-D22E0187F3DF,BTC/USD,583.32,266,ORD-BUY-8AEDA1B3,ORD-SELL-1FCEBBCB,2026-10-01T09:33:08Z
TRD-C285635ED888,TSLA,3073.18,300,ORD-BUY-7D42F893,ORD-SELL-FCFA64A9,2026-10-01T09:33:08Z
TRD-6FF5638446F3,MSFT,2122.99,205,ORD-BUY-F47BD623,ORD-SELL-C3FA1E2B,2026-10-01T09:33:08Z
TRD-6AE80BF6055C,GOOGL,3454.1,472,ORD-BUY-E29257E1,ORD-SELL-EFBD25F0,2026-10-01T09:33:08Z
TRD-4F49F8D344AC,AMZN,872.42,223,ORD-BUY-A8019F46,ORD-SELL-AD432FAA,2026-10-01T09:33:09Z
TRD-9F7D4310FC2B,MSFT,764.77,387,ORD-BUY-96938A5A,ORD-SELL-A05A3372,2026-10-01T09:33:09Z
TRD-B06C5E0DC35B,AAPL,2032.83,435,ORD-BUY-B0337A7F,ORD-SELL-E6FA706D,2026-10-01T09:33:09Z
TRD-F8B8D2ACBB9D,ETH/USD,3406.93,47,ORD-BUY-D63E6B2B,ORD-SELL-1E9229F1,2026-10-01T09:33:09Z
TRD-A2841E2701EE,NVDA,3472.19,137,ORD-BUY-32895C57,ORD-SELL-05944D3D,2026-10-01T09:33:10Z
TRD-C19A1E8DD723,GOOGL,803.83,490,ORD-BUY-8775275B,ORD-SELL-1AEB08D7,2026-10-01T09:33:10Z
TRD-10584E2CCB7A,BTC/USD,3061.8,64,ORD-BUY-A14B869A,ORD-SELL-FEFC8337,2026-10-01T09:33:10Z
TRD-EDD7BA6F940B,TSLA,1391.18,379,ORD-BUY-A1A71D42,ORD-SELL-94347D65,2026-10-01T09:33:11Z
TRD-D0C2CB89ED19,ETH/USD,2134.14,213,ORD-BUY-503630E9,ORD-SELL-B221DE83,2026-10-01T09:33:11Z
TRD-09968FCBC115,BTC/USD,1114.48,262,ORD-BUY-2775D4CC,ORD-SELL-CE0C9D10,2026-10-01T09:33:11Z
TRD-4DCF4A75B9F6,AMZN,80.04,42,ORD-BUY-AC1CFD6B,ORD-SELL-1BDD5A0E,2026-10-01T09:33:12Z
TRD-318DD4D031C7,GOOGL,1024.17,264,ORD-BUY-65EA846D,ORD-SELL-74CA82F4,2026-10-01T09:33:12Z
TRD-1E0953FD002D,BTC/USD,2869.49,82,ORD-BUY-27942D28,ORD-SELL-1C912540,2026-10-01T09:33:12Z
TRD-E96A5920EB84,ETH/USD,1238.63,190,ORD-BUY-C449D530,ORD-SELL-D2B43D42,2026-10-01T09:33:13Z
TRD-9F0F60F06454,ETH/USD,112.1,296,ORD-BUY-4BB792B3,ORD-SELL-00028FCE,2026-10-01T09:33:13Z
TRD-9130C32CC54B,TSLA,3423.99,419,ORD-BUY-90769558,ORD-SELL-D17C9766,2026-10-01T09:33:13Z
TRD-A6671FCAEBAD,NVDA,552.94,468,ORD-BUY-79E4C653,ORD-SELL-A670E18E,2026-10-01T09:33:14Z
TRD-F7601F431E77,TSLA,1391.83,459,ORD-BUY-B56C7EC8,ORD-SELL-9351979E,2026-10-01T09:33:14Z
TRD-E6DC3BE25884,TSLA,2459.75,417,ORD-BUY-E577EDC1,ORD-SELL-882A208A,2026-10-01T09:33:14Z
TRD-AB423D415F8B,BTC/USD,938.45,463,ORD-BUY-4D7827BC,ORD-SELL-6AF186F8,2026-10-01T09:33:15Z
TRD-DA6A00643C24,AAPL,1301.2,77,ORD-BUY-C22F17B2,ORD-SELL-5F4ABFC6,2026-10-01T09:33:15Z
TRD-14A9D7146ADF,AMZN,2980.09,400,ORD-BUY-08E30B5F,ORD-SELL-B73856A2,2026-10-01T09:33:15Z
TRD-F8AADFC5811D,BTC/USD,1739.86,421,ORD-BUY-C6E79302,ORD-SELL-3C99E6DA,2026-10-01T09:33:16Z
TRD-B25F6E6281CE,AAPL,1371.93,223,ORD-BUY-C47573F1,ORD-SELL-D243D1AA,2026-10-01T09:33:16Z
TRD-BBFF2F4F2E9C,NVDA,220.67,375,ORD-BUY-FABEF0F8,ORD-SELL-B62B6F63,2026-10-01T09:33:17Z
TRD-E8AA6A4FC1CB,ETH/USD,1953.14,218,ORD-BUY-2A041274,ORD-SELL-41CAECD7,2026-10-01T09:33:17Z
TRD-BEB63AFB4031,MSFT,2453.18,332,ORD-BUY-83A47227,ORD-SELL-919274B6,2026-10-01T09:33:17Z
TRD-D4453226E533,AAPL,1517.87,310,ORD-BUY-99733BEC,ORD-SELL-D42ED290,2026-10-01T09:33:17Z
TRD-5827D9B030EC,GOOGL,354.92,336,ORD-BUY-27A4C3F6,ORD-SELL-DBB595D7,2026-10-01T09:33:18Z
TRD-BB9155EAA509,ETH/USD,3085.85,386,ORD-BUY-45AB0742,ORD-SELL-1CE5FB51,2026-10-01T09:33:19Z
TRD-9FFA849B74CF,NVDA,715.47,409,ORD-BUY-1947E86B,ORD-SELL-D3D497CF,2026-10-01T09:33:19Z
TRD-F57926A8C7F1,AAPL,1410.95,192,ORD-BUY-E01FA649,ORD-SELL-146D2486,2026-10-01T09:33:19Z
TRD-14519A0082F3,NVDA,3336.96,243,ORD-BUY-14822B69,ORD-SELL-9690407B,2026-10-01T09:33:20Z
TRD-549B93C63073,AAPL,2982.35,434,ORD-BUY-F8877141,ORD-SELL-24FC35CB,2026-10-01T09:33:20Z
TRD-9354B67CB3C4,BTC/USD,3107.82,343,ORD-BUY-EBA14CB0,ORD-SELL-065D28EE,2026-10-01T09:33:21Z
TRD-4F616035B891,ETH/USD,1532.55,480,ORD-BUY-96553F8F,ORD-SELL-40B6F4DD,2026-10-01T09:33:21Z
TRD-A8907CA411B5,NVDA,1518.63,370,ORD-BUY-0734A405,ORD-SELL-5F890581,2026-10-01T09:33:22Z
TRD-B5DEDD27506C,NVDA,2411.66,93,ORD-BUY-D2865EC5,ORD-SELL-F24FFA6F,2026-10-01T09:33:22Z
TRD-E731515CDF68,TSLA,2178.69,174,ORD-BUY-3391BD06,ORD-SELL-594E3DD8,2026-10-01T09:33:22Z
TRD-E352480D4D03,GOOGL,2529.32,355,ORD-BUY-94B667D2,ORD-SELL-3AD02A48,2026-10-01T09:33:22Z
TRD-1109F70AF37E,GOOGL,1797.77,84,ORD-BUY-0A684E5F,ORD-SELL-5E0422EC,2026-10-01T09:33:23Z
TRD-4F6F0CFA38A8,BTC/USD,693.38,3,ORD-BUY-98CA388F,ORD-SELL-BB7D7396,2026-10-01T09:33:23Z
TRD-FC8CACEA7CCE,NVDA,1040.08,67,ORD-BUY-73CB739F,ORD-SELL-0DBCC524,2026-10-01T09:33:23Z
TRD-5E9D2A00E614,ETH/USD,1281.04,238,ORD-BUY-325916E0,ORD-SELL-53BD49B9,2026-10-01T09:33:24Z
TRD-6CAD1D837380,ETH/USD,1715.06,71,ORD-BUY-729DE1B8,ORD-SELL-4C7DA0BD,2026-10-01T09:33:24Z
TRD-C7D96DCDF30B,AMZN,1212.71,222,ORD-BUY-9F9AB88A,ORD-SELL-B060F337,2026-10-01T09:33:24Z
TRD-6CAFDC40AA16,TSLA,2423.15,369,ORD-BUY-3541EC9F,ORD-SELL-29AE8530,2026-10-01T09:33:24Z
TRD-AE10F054974D,AAPL,276.54,389,ORD-BUY-3FA817C4,ORD-SELL-FD53CAB1,2026-10-01T09:33:25Z
TRD-6B01BD7E32CC,ETH/USD,1703.39,149,ORD-BUY-AD1FE14F,ORD-SELL-8C1D14B8,2026-10-01T09:33:25Z
TRD-DFD59818BA82,BTC/USD,2661.11,88,ORD-BUY-3AEF96A1,ORD-SELL-1F803041,2026-10-01T09:33:25Z
TRD-4C6095C86BD9,BTC/USD,3101.36,52,ORD-BUY-9A830C24,ORD-SELL-3F8D7064,2026-10-01T09:33:26Z
TRD-C64DB692F4FC,BTC/USD,107.12,133,ORD-BUY-49E5D395,ORD-SELL-2B2F01DA,2026-10-01T09:33:26Z
TRD-BBF321B6193A,NVDA,3356.64,482,ORD-BUY-5192F505,ORD-SELL-99B0EA06,2026-10-01T09:33:27Z
TRD-08B040D54758,NVDA,1425.38,172,ORD-BUY-48282EC1,ORD-SELL-470705F6,2026-10-01T09:33:27Z
TRD-F8F6758EAF7A,MSFT,2818.92,197,ORD-BUY-9BC6ADB9,ORD-SELL-04A6E94E,2026-10-01T09:33:27Z
TRD-394C21AE6D34,TSLA,2585.9,456,ORD-BUY-7815753B,ORD-SELL-CC6BC23E,2026-10-01T09:33:28Z
TRD-652511F27A75,NVDA,496.88,45,ORD-BUY-C7B33377,ORD-SELL-C3674077,2026-10-01T09:33:28Z
TRD-A490102861D3,BTC/USD,2056.77,423,ORD-BUY-86DDC7B5,ORD-SELL-7601C609,2026-10-01T09:33:28Z
TRD-80EF93CC417E,NVDA,1685.72,281,ORD-BUY-8E581FA3,ORD-SELL-18A21AB7,2026-10-01T09:33:29Z
TRD-691ECA13AEB7,BTC/USD,165.38,72,ORD-BUY-9F2A5297,ORD-SELL-4C5055E8,2026-10-01T09:33:29Z
TRD-7FD077B95424,ETH/USD,570.41,368,ORD-BUY-723CDA53,ORD-SELL-5FBCA28E,2026-10-01T09:33:29Z
TRD-C4CB2BC9C2C1,MSFT,1958.21,294,ORD-BUY-3E0D336E,ORD-SELL-ADF7B5B4,2026-10-01T09:33:29Z
TRD-D75995A1DBB0,NVDA,1339.76,311,ORD-BUY-2AE78D34,ORD-SELL-DAB390EE,2026-10-01T09:33:30Z
TRD-C0380B872ED2,BTC/USD,3362.06,240,ORD-BUY-ECD4815B,ORD-SELL-30686B98,2026-10-01T09:33:30Z
TRD-4A2DB27ACBF3,TSLA,1326.48,335,ORD-BUY-4D49417E,ORD-SELL-FD6E7E6D,2026-10-01T09:33:30Z
TRD-78B5FC2849D5,ETH/USD,2825.04,459,ORD-BUY-2E6D90EA,ORD-SELL-6FC89F25,2026-10-01T09:33:30Z
TRD-2E83555BFFE6,ETH/USD,2844.07,173,ORD-BUY-DC770444,ORD-SELL-043754BC,2026-10-01T09:33:31Z
TRD-93A642F49650,BTC/USD,3130.38,273,ORD-BUY-67AF28D5,ORD-SELL-958C797D,2026-10-01T09:33:31Z
TRD-E6410D48E6C5,NVDA,1392.85,481,ORD-BUY-58C5158F,ORD-SELL-E1F4ECA8,2026-10-01T09:33:31Z
TRD-A64D3E0279CC,BTC/USD,3299.36,152,ORD-BUY-0E3684C3,ORD-SELL-0E2C4DD1,2026-10-01T09:33:32Z
TRD-044B69EDC763,MSFT,1461.17,372,ORD-BUY-6575ABF9,ORD-SELL-3702805A,2026-10-01T09:33:32Z
TRD-D87435D84501,MSFT,2240.16,97,ORD-BUY-4B239100,ORD-SELL-3CECFF78,2026-10-01T09:33:32Z
TRD-BAD7FB5AEA60,AAPL,2622.18,190,ORD-BUY-0592A51B,ORD-SELL-2098E014,2026-10-01T09:33:34Z
TRD-5FCD4C28B271,AMZN,913.17,485,ORD-BUY-65400993,ORD-SELL-D6DEF10C,2026-10-01T09:33:34Z
TRD-E51073AD3FE5,GOOGL,1050.46,233,ORD-BUY-6E5D5111,ORD-SELL-AAB6EEDB,2026-10-01T09:33:34Z
TRD-9A8D35231148,MSFT,3414.39,494,ORD-BUY-D42DCBB8,ORD-SELL-60B20280,2026-10-01T09:33:35Z
TRD-D56B8144D87D,NVDA,3112.89,2,ORD-BUY-17DFD222,ORD-SELL-71D3B1A3,2026-10-01T09:33:36Z
TRD-709B0A0C19D2,GOOGL,449.71,126,ORD-BUY-95484FA9,ORD-SELL-D487AD14,2026-10-01T09:33:37Z
TRD-ECD4512BB440,GOOGL,2656.25,96,ORD-BUY-334A25F7,ORD-SELL-8A2FA702,2026-10-01T09:33:37Z
TRD-067BD84FECD5,NVDA,2166.76,387,ORD-BUY-A3F84F3F,ORD-SELL-111080DA,2026-10-01T09:33:37Z
TRD-48F69FD9821C,AAPL,2792.68,251,ORD-BUY-FE350A67,ORD-SELL-90C52D85,2026-10-01T09:33:38Z
TRD-02C85FC41793,MSFT,3339.09,278,ORD-BUY-0BF7830F,ORD-SELL-1A6D53A0,2026-10-01T09:33:38Z
TRD-1F4D5200DA01,AAPL,3419.93,100,ORD-BUY-C133D0F3,ORD-SELL-2E166CC8,2026-10-01T09:33:38Z
TRD-39F389AF6943,BTC/USD,167.09,80,ORD-BUY-A91AD466,ORD-SELL-D7EF6D7D,2026-10-01T09:33:39Z
TRD-9A879CFA2945,GOOGL,1787.08,311,ORD-BUY-F7C73F60,ORD-SELL-9488E86D,2026-10-01T09:33:39Z
TRD-6C8DEEB1218D,AMZN,531.02,59,ORD-BUY-93B41E0D,ORD-SELL-FB7DFBE5,2026-10-01T09:33:39Z
TRD-540787E4E73D,BTC/USD,2525.3,451,ORD-BUY-BF640FEC,ORD-SELL-AD2134E5,2026-10-01T09:33:40Z
TRD-41D205FA354B,ETH/USD,977.56,475,ORD-BUY-4341C953,ORD-SELL-8250AA5C,2026-10-01T09:33:40Z
TRD-75D20F8D18A4,TSLA,1585.7,359,ORD-BUY-F6661D7A,ORD-SELL-42E6FFC6,2026-10-01T09:33:41Z
TRD-82AE0FFC7DE8,NVDA,2764.36,26,ORD-BUY-02CC1DC8,ORD-SELL-C2FE7604,2026-10-01T09:33:41Z
TRD-17721ECFA95A,NVDA,2460.48,71,ORD-BUY-75DF28B2,ORD-SELL-EE753CCD,2026-10-01T09:33:42Z
TRD-7B7527041499,AMZN,2266.96,184,ORD-BUY-7AFABDAA,ORD-SELL-7799D678,2026-10-01T09:33:42Z
TRD-0D55E8C699FC,AAPL,2828.09,194,ORD-BUY-4971D027,ORD-SELL-61D392C8,2026-10-01T09:33:42Z
TRD-9A3B27DF7B2E,AMZN,562.41,141,ORD-BUY-67FD5404,ORD-SELL-B1EF798A,2026-10-01T09:33:43Z
TRD-61801982BE6A,ETH/USD,1863.32,160,ORD-BUY-5EEC022D,ORD-SELL-35B4B520,2026-10-01T09:33:43Z
TRD-4490AD83A5F9,BTC/USD,2697.88,374,ORD-BUY-9F44AE0D,ORD-SELL-014275A4,2026-10-01T09:33:43Z
TRD-53F662958096,AMZN,2710.17,35,ORD-BUY-0CBCA02F,ORD-SELL-71E22665,2026-10-01T09:33:44Z
TRD-21CAB411750D,GOOGL,3013.01,227,ORD-BUY-97EAFB87,ORD-SELL-74A3ACCD,2026-10-01T09:33:44Z
TRD-1BD43B03EDDF,BTC/USD,2919.2,425,ORD-BUY-355CC04C,ORD-SELL-18C69108,2026-10-01T09:33:44Z
TRD-3FE5A78CD498,AAPL,1079.86,49,ORD-BUY-1EA7962A,ORD-SELL-C0EC0BF7,2026-10-01T09:33:44Z
TRD-2D5D5D52714B,NVDA,2761.47,52,ORD-BUY-E6891762,ORD-SELL-36313ABE,2026-10-01T09:33:45Z
TRD-8C148AD72948,MSFT,525.01,155,ORD-BUY-49A39B81,ORD-SELL-50223961,2026-10-01T09:33:45Z
TRD-3F7F6B43581D,ETH/USD,2702.11,248,ORD-BUY-4F774036,ORD-SELL-622F17A0,2026-10-01T09:33:45Z
TRD-CA90A89E58E5,MSFT,525.79,334,ORD-BUY-29A97D70,ORD-SELL-39D9C0A6,2026-10-01T09:33:45Z
TRD-2FD8E3FDFB1F,GOOGL,2470.54,183,ORD-BUY-1C302309,ORD-SELL-970CDE1E,2026-10-01T09:33:46Z
TRD-3BF1FA40FC28,GOOGL,618.63,79,ORD-BUY-19CA8929,ORD-SELL-09573ED1,2026-10-01T09:33:46Z
TRD-BFF10FBBCC9F,MSFT,1499.28,428,ORD-BUY-077FD962,ORD-SELL-CFCC8158,2026-10-01T09:33:46Z
TRD-E1954CF7E4D7,MSFT,2751.81,245,ORD-BUY-329FDF5D,ORD-SELL-465375AB,2026-10-01T09:33:46Z
TRD-805A7F8EA4E8,MSFT,68.24,321,ORD-BUY-00E9B1C8,ORD-SELL-6CAD3689,2026-10-01T09:33:47Z
TRD-9D9F8BCB52AD,BTC/USD,1279.55,479,ORD-BUY-4ADFC400,ORD-SELL-F9512D19,2026-10-01T09:33:47Z
TRD-F6F14ED95855,TSLA,3465.11,12,ORD-BUY-56576A04,ORD-SELL-683C1C99,2026-10-01T09:33:47Z
TRD-0497BF9A658C,AMZN,2341.31,199,ORD-BUY-EA54D311,ORD-SELL-D4AB7282,2026-10-01T09:33:47Z
TRD-BB4C3833C069,AAPL,3467.82,486,ORD-BUY-805CC8DB,ORD-SELL-4F249B78,2026-10-01T09:33:48Z
TRD-38AD3E591AF7,AMZN,2269.82,204,ORD-BUY-BA656DCE,ORD-SELL-2F85E4C8,2026-10-01T09:33:49Z
TRD-2ADFC37D4FBC,TSLA,1080.06,352,ORD-BUY-552036BB,ORD-SELL-1D613557,2026-10-01T09:33:49Z
TRD-FAA87CE68654,AMZN,1855.17,94,ORD-BUY-23BC0C62,ORD-SELL-A2717A85,2026-10-01T09:33:49Z
TRD-B7CAEFAFB6B3,GOOGL,2383.29,153,ORD-BUY-C033B9CA,ORD-SELL-DA8EF1FF,2026-10-01T09:33:49Z
TRD-EF1D9DE092DC,NVDA,562.41,483,ORD-BUY-C8CEE7EB,ORD-SELL-6A53C67D,2026-10-01T09:33:50Z
TRD-05E953A689E8,ETH/USD,1621.78,395,ORD-BUY-83526EA3,ORD-SELL-672722DE,2026-10-01T09:33:50Z
TRD-CA082D20883B,TSLA,1208.9,109,ORD-BUY-B6CE8385,ORD-SELL-72060861,2026-10-01T09:33:50Z
TRD-C8D730D62335,NVDA,883.69,492,ORD-BUY-F3339A0C,ORD-SELL-6C8E07C3,2026-10-01T09:33:50Z
TRD-7673D5BD1357,AAPL,2654.63,266,ORD-BUY-95C5DC20,ORD-SELL-6132E6BD,2026-10-01T09:33:51Z
TRD-BC511A00C807,NVDA,2265.58,488,ORD-BUY-C00BA3D0,ORD-SELL-0D88A431,2026-10-01T09:33:51Z
TRD-45BD3486A389,TSLA,2475.87,107,ORD-BUY-4B192BFB,ORD-SELL-AD644609,2026-10-01T09:33:51Z
TRD-0B0DF1B85EA6,AMZN,2755.96,192,ORD-BUY-FE53C8BC,ORD-SELL-2E2F5AFE,2026-10-01T09:33:51Z
TRD-78ACBB0F5413,AMZN,484.48,37,ORD-BUY-05079339,ORD-SELL-3D219459,2026-10-01T09:33:52Z
TRD-6928FBD3B5FB,AAPL,3197.49,6,ORD-BUY-3B6682D6,ORD-SELL-ACCDAE70,2026-10-01T09:33:52Z
TRD-F6CEEA4853C5,NVDA,1199.27,263,ORD-BUY-67E1F01B,ORD-SELL-13EFFBD5,2026-10-01T09:33:53Z
TRD-A9D4F040935D,AMZN,1205.74,407,ORD-BUY-46C42701,ORD-SELL-FEFAD2FA,2026-10-01T09:33:53Z
TRD-952DB17D9DA4,NVDA,2152.06,441,ORD-BUY-26A22267,ORD-SELL-BB30DB07,2026-10-01T09:33:53Z
TRD-592CC3BD44C4,NVDA,2089.67,489,ORD-BUY-9F3D5CD9,ORD-SELL-9FFC4D04,2026-10-01T09:33:53Z
TRD-AEB171493F32,GOOGL,1890.46,134,ORD-BUY-3ADD0ACA,ORD-SELL-8DB2A8C8,2026-10-01T09:33:54Z
TRD-2DB462062020,AAPL,899.64,144,ORD-BUY-2781399F,ORD-SELL-73ADEC26,2026-10-01T09:33:54Z
TRD-920EFC95459E,AAPL,3271.32,423,ORD-BUY-48D59362,ORD-SELL-3F72F445,2026-10-01T09:33:54Z
TRD-0A85031E659C,AAPL,2715.1,22,ORD-BUY-3B0C2F6F,ORD-SELL-BA6E465C,2026-10-01T09:33:55Z
TRD-84179D860756,AMZN,2053.56,259,ORD-BUY-5B999AB7,ORD-SELL-1D4DB455,2026-10-01T09:33:55Z
TRD-21DD5B97407D,ETH/USD,56.5,500,ORD-BUY-A8A6614C,ORD-SELL-B1ED3207,2026-10-01T09:33:55Z
TRD-3CB4962A3BCB,AMZN,3021.61,181,ORD-BUY-8EDCFBED,ORD-SELL-E3089D2F,2026-10-01T09:33:55Z
TRD-6B18029360A2,NVDA,3361.36,141,ORD-BUY-38D9774D,ORD-SELL-C49EE4AD,2026-10-01T09:33:56Z
TRD-5D878D0ADD7F,BTC/USD,1283.64,145,ORD-BUY-E31E2CF3,ORD-SELL-715F5582,2026-10-01T09:33:56Z
TRD-133FBF0BC346,BTC/USD,3384.47,182,ORD-BUY-33EB80A6,ORD-SELL-64433C06,2026-10-01T09:33:56Z
TRD-140E9601D64D,MSFT,1409.28,52,ORD-BUY-06A37C09,ORD-SELL-9DC18E0B,2026-10-01T09:33:56Z
TRD-64AD904E2B6C,AAPL,1865.42,124,ORD-BUY-45AE2CB0,ORD-SELL-53D5439A,2026-10-01T09:33:57Z
TRD-4E955373EE23,MSFT,78.41,139,ORD-BUY-F342717D,ORD-SELL-A52A39BF,2026-10-01T09:33:57Z
TRD-59623ADD711F,TSLA,215.43,453,ORD-BUY-CD7E6CD6,ORD-SELL-379EAA92,2026-10-01T09:33:57Z
TRD-D1C7C03D8ED8,AMZN,1910.63,451,ORD-BUY-F9BF3014,ORD-SELL-B47F2CB2,2026-10-01T09:33:57Z
TRD-E6D1AEC05DDD,ETH/USD,348.86,468,ORD-BUY-4E8F45B2,ORD-SELL-6F7013CE,2026-10-01T09:33:58Z
TRD-066817B61C27,GOOGL,1715.03,33,ORD-BUY-7453A0CB,ORD-SELL-17038D68,2026-10-01T09:33:58Z
TRD-7A301D6F478D,TSLA,2392.06,44,ORD-BUY-D630189A,ORD-SELL-E2D0197B,2026-10-01T09:33:58Z
TRD-A261C53251A9,AAPL,998.43,320,ORD-BUY-C4BE1A34,ORD-SELL-3BDDDC37,2026-10-01T09:33:58Z
TRD-CE34188034B8,MSFT,2974.48,372,ORD-BUY-067A7228,ORD-SELL-B120ABBE,2026-10-01T09:33:59Z
TRD-803F330A8B11,MSFT,2747.61,282,ORD-BUY-F70B6E8F,ORD-SELL-889F63FB,2026-10-01T09:33:59Z
TRD-B92C47AB3762,NVDA,1916.56,400,ORD-BUY-265994AC,ORD-SELL-8F28407D,2026-10-01T09:33:59Z
TRD-3C3CDE3FD930,GOOGL,3241.42,469,ORD-BUY-BEFE5868,ORD-SELL-4F1190DE,2026-10-01T09:33:59Z
TRD-50E47F523B85,AAPL,2169.81,335,ORD-BUY-F72169F7,ORD-SELL-BCE2EF74,2026-10-01T09:34:00Z
TRD-019EA05A6A05,TSLA,730.1,49,ORD-BUY-42B90F9A,ORD-SELL-E90AEDEC,2026-10-01T09:34:00Z
TRD-689F235450B9,AAPL,3093.82,227,ORD-BUY-898F3565,ORD-SELL-FF75B279,2026-10-01T09:34:01Z
TRD-51C7948C4907,NVDA,1525.65,326,ORD-BUY-3D02C938,ORD-SELL-A92572C4,2026-10-01T09:34:01Z
TRD-6F8839E9A2E5,AAPL,1104.32,53,ORD-BUY-406A244B,ORD-SELL-F904D8E9,2026-10-01T09:34:01Z
TRD-7407D5634C7C,MSFT,1896.35,33,ORD-BUY-2C9BD228,ORD-SELL-F288D3D2,2026-10-01T09:34:01Z
TRD-D8ED2F011749,AMZN,1168.49,202,ORD-BUY-862010EE,ORD-SELL-40D68F93,2026-10-01T09:34:02Z
TRD-EF835EE47014,BTC/USD,989.39,22,ORD-BUY-6532B74C,ORD-SELL-BF915A2A,2026-10-01T09:34:02Z
TRD-2DBF585D46A6,BTC/USD,105.27,393,ORD-BUY-A3EC30FA,ORD-SELL-7700A2C2,2026-10-01T09:34:02Z
TRD-802C3881CF4D,MSFT,420.97,226,ORD-BUY-884CBB78,ORD-SELL-B730F299,2026-10-01T09:34:03Z
TRD-C9C286937374,MSFT,2081.75,268,ORD-BUY-98369600,ORD-SELL-05425159,2026-10-01T09:34:03Z
TRD-BE03B6E07B38,TSLA,1345.72,184,ORD-BUY-B4562B87,ORD-SELL-8C4308D2,2026-10-01T09:34:03Z
TRD-FAFEE21232E7,AAPL,3451.43,53,ORD-BUY-769B3334,ORD-SELL-0CD17F94,2026-10-01T09:34:04Z
TRD-03645D150EEC,BTC/USD,1437.58,221,ORD-BUY-55AFED89,ORD-SELL-DCE52033,2026-10-01T09:34:04Z
TRD-F10D6257A3D4,ETH/USD,2871.76,472,ORD-BUY-0851BA3F,ORD-SELL-908788DE,2026-10-01T09:34:04Z
TRD-F9C23FC5B454,TSLA,335.88,130,ORD-BUY-3B13196C,ORD-SELL-5344BB5D,2026-10-01T09:34:05Z
TRD-4EB5D8D9A5C4,MSFT,2658.59,311,ORD-BUY-C0B05CE4,ORD-SELL-F8402C11,2026-10-01T09:34:05Z
TRD-75073C116BBE,ETH/USD,2823.66,62,ORD-BUY-0CC5966B,ORD-SELL-D565A637,2026-10-01T09:34:05Z
TRD-77B6F9CC98EB,AAPL,1352.85,487,ORD-BUY-6BB8F7C9,ORD-SELL-010E7AA1,2026-10-01T09:34:05Z
TRD-D0E58C2B0A1D,TSLA,272.37,22,ORD-BUY-C67887D4,ORD-SELL-706393C4,2026-10-01T09:34:06Z
TRD-53939993F069,NVDA,2742.16,400,ORD-BUY-070B969F,ORD-SELL-A43E555B,2026-10-01T09:34:06Z
TRD-09BC2F2AD006,GOOGL,417.44,331,ORD-BUY-F7E6EBE7,ORD-SELL-83D9430A,2026-10-01T09:34:06Z
TRD-8C00AFD62E6C,AAPL,2982.33,462,ORD-BUY-5DA31CEF,ORD-SELL-AA181425,2026-10-01T09:34:07Z
TRD-24E2F67375E7,NVDA,3104.82,366,ORD-BUY-C52F5CB2,ORD-SELL-DBAF536C,2026-10-01T09:34:07Z
TRD-42B737CEFBBD,ETH/USD,2339.54,132,ORD-BUY-A9A2F5C9,ORD-SELL-9B0EBB4E,2026-10-01T09:34:07Z
TRD-FA403423402A,BTC/USD,1573.37,379,ORD-BUY-397A8987,ORD-SELL-9F5BE9AF,2026-10-01T09:34:07Z
TRD-86D2272448FD,AAPL,1194.23,316,ORD-BUY-5946E4A1,ORD-SELL-4DA30DA7,2026-10-01T09:34:08Z
TRD-A2CA635852F9,MSFT,146.4,17,ORD-BUY-75E2F6AA,ORD-SELL-243038CF,2026-10-01T09:34:08Z
TRD-511D28C08DBC,GOOGL,2596.93,112,ORD-BUY-B1F67947,ORD-SELL-4914F7EF,2026-10-01T09:34:08Z
TRD-25F770E311CD,TSLA,856.4,497,ORD-BUY-06E16E14,ORD-SELL-5E870F15,2026-10-01T09:34:09Z
TRD-D618486BC320,NVDA,1298.82,142,ORD-BUY-21798D76,ORD-SELL-98C4B8E8,2026-10-01T09:34:09Z
